,ID Database,Name,SMILES,HBA,HBD,RB,LogP,TPSA,MW,Heavy Atom,Ring Count,Fraction CSP3,subLibrary,Library,PPI,Epigenetic
0,FQNP392,Lichexanthone,O(C)c1cc(O)c2C(=O)c3c(C)cc(OC)cc3Oc2c1,5.0,1.0,2.0,2.9774200000000013,68.9,286.283,21.0,21.0,21.0,BIOFACQUIM,BIOFACQUIM,No,No
1,FQNP391,Methyl_haematommate,O=C(OC)c1c(O)c(C=O)c(O)cc1C,5.0,2.0,2.0,1.00532,83.83,210.185,15.0,15.0,15.0,BIOFACQUIM,BIOFACQUIM,No,No
2,FQNP393,Methyl_orsellinate,O=C(OC)c1c(O)cc(O)cc1C,4.0,2.0,1.0,1.19282,66.76,182.175,13.0,13.0,13.0,BIOFACQUIM,BIOFACQUIM,No,No
3,FQNP390,Gyrophoric_acid,O=C(Oc1cc(O)c(C(=O)O)c(C)c1)c1c(O)cc(OC(=O)c2c(O)cc(O)cc2C)cc1C,9.0,5.0,5.0,3.5708600000000006,170.82,468.4140000000002,34.0,34.0,34.0,BIOFACQUIM,BIOFACQUIM,No,No
4,FQNP389,Lecanorin,O=C(Oc1cc(O)cc(C)c1)c1c(O)cc(O)cc1C,5.0,3.0,2.0,2.6394400000000005,86.99000000000002,274.272,20.0,20.0,20.0,BIOFACQUIM,BIOFACQUIM,No,No
5,FQNP394,Orcinol,Oc1cc(O)cc(C)c1,2.0,2.0,0.0,1.4062199999999998,40.46,124.13899999999997,9.0,9.0,9.0,BIOFACQUIM,BIOFACQUIM,No,No
6,FQNP340,5-hydroxy-6_8-dimethoxy-2_3-dimethyl-4H-naphtho[2_3-b]-pyran-4-one,O(C)c1c2c(c(O)c3C(=O)C(C)=C(C)Oc13)c(OC)cc(OC)c2,6.0,1.0,3.0,3.2944400000000016,78.13000000000002,330.336,24.0,24.0,24.0,BIOFACQUIM,BIOFACQUIM,No,No
7,FQNP341,Rubrofusarin_B,O(C)c1c2c(c(O)c3C(=O)C=C(C)Oc13)c(OC)cc(OC)c2,6.0,1.0,3.0,2.9860200000000012,78.13000000000002,316.309,23.0,23.0,23.0,BIOFACQUIM,BIOFACQUIM,No,No
8,FQNP343,Citrinin,O=C(O)C=1C(=O)C(C)=C2[C@H](C)[C@@H](C)OC=C2C=1O,4.0,2.0,1.0,1.721,83.83,250.25,18.0,18.0,18.0,BIOFACQUIM,BIOFACQUIM,No,No
9,FQNP344,4-hydroxybenzoic_acid_methyl_ester,O=C(OC)c1ccc(O)cc1,3.0,1.0,1.0,1.1788,46.53,152.14899999999997,11.0,11.0,11.0,BIOFACQUIM,BIOFACQUIM,No,No
10,FQNP342,Emodin,O=C1c2c(O)cc(O)cc2C(=O)c2c1c(O)cc(C)c2,5.0,3.0,0.0,1.88722,94.83,270.23999999999995,20.0,20.0,20.0,BIOFACQUIM,BIOFACQUIM,No,No
11,FQNP384,4-(1'_5'-dimethylhex-4'-enyl)-2-methylphenol,Oc1c(C)cc([C@@H](CC/C=C(\C)/C)C)cc1,1.0,1.0,4.0,4.550520000000004,20.23,218.34,16.0,16.0,16.0,BIOFACQUIM,BIOFACQUIM,No,No
12,FQNP349,Cyclolaudenyl_Acetate,O=C(O[C@@H]1C(C)(C)C2[C@@]3([C@]4(C([C@@]5(C)[C@@](C)([C@@H]([C@@H](CC[C@@H](C(=C)C)C)C)CC5)CC4)CC2)C3)CC1)C,2.0,0.0,6.0,8.985700000000003,26.3,482.7930000000005,35.0,35.0,35.0,BIOFACQUIM,BIOFACQUIM,No,No
13,FQNP347,Cyclolaudenone,O=C1C(C)(C)[C@H]2[C@@]3([C@]4([C@H]([C@@]5(C)[C@@](C)([C@@H]([C@@H](CC[C@@H](C(=C)C)C)C)CC5)CC4)CC2)C3)CC1,1.0,0.0,5.0,8.623100000000004,17.07,438.7400000000005,32.0,32.0,32.0,BIOFACQUIM,BIOFACQUIM,No,No
14,FQNP345,Tillandsinone,O=C1C(C)(C)[C@H]2[C@@]3([C@]4([C@H]([C@@]5(C)[C@@](C)([C@@H]([C@@H](CC[C@H](C(=C)C)C(C)C)C)CC5)CC4)CC2)C3)CC1,1.0,0.0,6.0,9.259200000000002,17.07,466.79400000000055,34.0,34.0,34.0,BIOFACQUIM,BIOFACQUIM,No,No
15,FQNP346,Cyclolaudenyl_formate,O=CO[C@@H]1C(C)(C)C2[C@@]3([C@]4(C([C@@]5(C)[C@@](C)([C@@H]([C@@H](CC[C@@H](C(=C)C)C)C)CC5)CC4)CC2)C3)CC1,2.0,0.0,7.0,8.595600000000006,26.3,468.76600000000053,34.0,34.0,34.0,BIOFACQUIM,BIOFACQUIM,No,No
16,FQNP348,Cyclolaudenol,O[C@@H]1C(C)(C)[C@H]2[C@@]3([C@]4([C@H]([C@@]5(C)[C@@](C)([C@@H]([C@@H](CC[C@@H](C(=C)C)C)C)CC5)CC4)CC2)C3)CC1,1.0,1.0,5.0,8.414900000000006,20.23,440.75600000000037,32.0,32.0,32.0,BIOFACQUIM,BIOFACQUIM,No,No
17,FQNP291,1-O-[12-O-(12S)-dihydro-12_13-dihydroxy-xanthorrizol]-b-L-arabinopyranosyl-(1->2)-b-D-Dglucopyranoside,O([C@@H](C(O)(C)C)C[C@H](C(C)c1cc(O)c(C)cc1)C)[C@H]1[C@H](O[C@@H]2[C@@H](O)[C@H](O)[C@H](O)CO2)[C@@H](O)[C@H](O)[C@@H](CO)O1,12.0,8.0,10.0,-0.7503799999999989,198.76,560.6370000000002,39.0,39.0,39.0,BIOFACQUIM,BIOFACQUIM,No,No
18,FQNP287,Trachylobanoic_acid,O=C(O)[C@@]1(C)[C@@H]2[C@](C)([C@H]3[C@@]4(C[C@]5(C)[C@@H]([C@H]5C4)C3)CC2)CCC1,1.0,1.0,1.0,4.729900000000005,37.3,302.45800000000014,22.0,22.0,22.0,BIOFACQUIM,BIOFACQUIM,No,No
19,FQNP290,12_13-dihydro-12_13-dihydroxy-xanthorrizol,OC(C(O)CC[C@@H](C)c1cc(O)c(C)cc1)(C)C,3.0,3.0,5.0,2.716120000000001,60.69,252.354,18.0,18.0,18.0,BIOFACQUIM,BIOFACQUIM,No,No
20,FQNP288,Xanthorrhizol,Oc1c(C)ccc([C@@H](CC/C=C(\C)/C)C)c1,1.0,1.0,4.0,4.550520000000004,20.23,218.33999999999997,16.0,16.0,16.0,BIOFACQUIM,BIOFACQUIM,No,No
21,FQNP289,12_13-epoxy-xanthorrhizol,Oc1c(C)ccc([C@@H](CCC2C(C)(C)O2)C)c1,2.0,1.0,4.0,3.7617200000000017,32.76,234.33899999999997,17.0,17.0,17.0,BIOFACQUIM,BIOFACQUIM,No,No
22,FQNP418,p-hydroxybenzoic_acid,O=C(O)Cc1ccc(O)cc1,2.0,2.0,2.0,1.0193,57.53,152.149,11.0,11.0,11.0,BIOFACQUIM,BIOFACQUIM,No,No
23,FQNP424,4-hydroxy-benzoic_acid_methyl_ester,O=C(OC)Cc1ccc(O)cc1,3.0,1.0,2.0,1.1077,46.53,166.176,12.0,12.0,12.0,BIOFACQUIM,BIOFACQUIM,No,No
24,FQNP419,8-hydroxy-6-methyl-9-oxo-9H-xanthene-1-carboxylic_acid_methyl_ester,O=C(OC)c1c2C(=O)c3c(O)cc(C)cc3Oc2ccc1,5.0,1.0,1.0,2.7468200000000005,76.74000000000002,284.267,21.0,21.0,21.0,BIOFACQUIM,BIOFACQUIM,No,No
25,FQNP273,Sitosterol-3-O-b-glucoside,O([C@H]1[C@H](O)[C@@H](O)[C@H](O)[C@@H](CO)O1)[C@@H]1CC=2[C@@](C)([C@@H]3[C@H]([C@H]4[C@@](C)([C@@H]([C@@H](CC[C@H](C(C)C)CC)C)CC4)CC3)CC=2)CC1,6.0,4.0,9.0,5.8490000000000055,99.38,576.8590000000003,41.0,41.0,41.0,BIOFACQUIM,BIOFACQUIM,No,No
26,FQNP269,Friedelin,O=C1[C@H](C)[C@]2(C)[C@H]([C@@]3(C)[C@@H]([C@]4(C)[C@](C)([C@H]5[C@@](C)(CC4)CCC(C)(C)C5)CC3)CC2)CC1,1.0,0.0,0.0,8.457000000000006,17.07,426.72900000000055,31.0,31.0,31.0,BIOFACQUIM,BIOFACQUIM,No,No
27,FQNP271,Canophyllol,O=C1[C@H](C)[C@]2(C)[C@H]([C@@]3(C)[C@@H]([C@]4(C)[C@](C)([C@H]5[C@@](CO)(CC4)CCC(C)(C)C5)CC3)CC2)CC1,2.0,1.0,1.0,7.429400000000008,37.3,442.7280000000005,32.0,32.0,32.0,BIOFACQUIM,BIOFACQUIM,No,No
28,FQNP270,Canophyllal,O=C[C@]12[C@H]([C@@]3(C)[C@@](C)([C@@H]4[C@](C)([C@H]5[C@@](C)([C@@H](C)C(=O)CC5)CC4)CC3)CC1)CC(C)(C)CC2,2.0,0.0,1.0,7.63600000000001,34.14,440.71200000000056,32.0,32.0,32.0,BIOFACQUIM,BIOFACQUIM,No,No
29,FQNP274,(-)-Epicatechin,O[C@H]1[C@@H](c2cc(O)c(O)cc2)Oc2c(c(O)cc(O)c2)C1,6.0,5.0,1.0,1.5460999999999996,110.38,290.27099999999996,21.0,21.0,21.0,BIOFACQUIM,BIOFACQUIM,No,No
30,FQNP353,2-methylbut-(2Z)-enoic_acid_(9R_10R)-10-hydroxy-8_8-dimethyl-9_10-dihydro-2H_8H-benzo[1_2-b:3_4-b']dipyran-2-one-9-yl_ester,O=C(O[C@@H]1[C@H](O)c2c3OC(=O)C=Cc3ccc2OC1(C)C)/C(=C\C)/C,6.0,1.0,2.0,2.8754000000000013,85.97000000000001,344.36300000000017,25.0,25.0,25.0,BIOFACQUIM,BIOFACQUIM,No,No
31,FQNP355,Quianhucoumarin_D,O=C(O[C@@H]1[C@H](OC(=O)C)c2c3OC(=O)C=Cc3ccc2OC1(C)C)C,7.0,0.0,2.0,2.4999,92.04,346.33500000000015,25.0,25.0,25.0,BIOFACQUIM,BIOFACQUIM,No,No
32,FQNP359,2-methylbut-(2Z)-enoic_acid_(3R)-5-methoxy-3_4-dihydro-2_2_8-trimethyl-6-oxo-2H_6H-benzo[1_2-b:5_4-b']dipyran-3-yl_ester,O=C(O[C@H]1C(C)(C)Oc2c(c(OC)c3C(=O)C=C(C)Oc3c2)C1)/C(=C\C)/C,6.0,0.0,3.0,3.701520000000003,74.97,372.41700000000014,27.0,27.0,27.0,BIOFACQUIM,BIOFACQUIM,No,No
33,FQNP360,Isobutyric_acid_(3R)-5-methoxy-3_4-dihydro-2_2_8-trimethyl-6-oxo-2H_6H-benzo[1_2-b:5_4-b']dipyran-3-yl_ester,O=C(O[C@H]1C(C)(C)Oc2c(c(OC)c3C(=O)C=C(C)Oc3c2)C1)C(C)C,6.0,0.0,3.0,3.3913200000000017,74.97,360.4060000000002,26.0,26.0,26.0,BIOFACQUIM,BIOFACQUIM,No,No
34,FQNP357,Jatamansin,O=C(O[C@H]1C(C)(C)Oc2c(c3OC(=O)C=Cc3cc2)C1)/C(=C\C)/C,5.0,0.0,2.0,3.384500000000002,65.74000000000001,328.3640000000001,24.0,24.0,24.0,BIOFACQUIM,BIOFACQUIM,No,No
35,FQNP358,Isobutyric_acid_(9R)-8_8-dimethyl-9_10-dihydro-2H_8H-benzo[1_2-b:3_4-b']dipyran-2-one-9-yl_ester,O=C(O[C@H]1C(C)(C)Oc2c(c3OC(=O)C=Cc3cc2)C1)C(C)C,5.0,0.0,2.0,3.074300000000002,65.74000000000001,316.35300000000007,23.0,23.0,23.0,BIOFACQUIM,BIOFACQUIM,No,No
36,FQNP352,Quianhucoumarin_A,O=C(O[C@H]1[C@@H](O)C(C)(C)Oc2c1c1OC(=O)C=Cc1cc2)/C(=C\C)/C,6.0,1.0,2.0,2.8754000000000017,85.97,344.36300000000006,25.0,25.0,25.0,BIOFACQUIM,BIOFACQUIM,No,No
37,FQNP351,Isobutyric_acid_(9R_10R)-9-hydroxy-8_8-dimethyl-9_10-dihydro-2H_8H-benzo[1_2-b:3_4-b']-dipyran-2-one-10-yl_ester,O=C(O[C@H]1[C@@H](O)C(C)(C)Oc2c1c1OC(=O)C=Cc1cc2)C(C)C,6.0,1.0,2.0,2.565200000000001,85.97,332.3520000000001,24.0,24.0,24.0,BIOFACQUIM,BIOFACQUIM,No,No
38,FQNP354,Seravshanin,O=C(O[C@H]1[C@@H](OC(=O)C)C(C)(C)Oc2c1c1OC(=O)C=Cc1cc2)C(C)C,7.0,0.0,3.0,3.136000000000002,92.04,374.38900000000007,27.0,27.0,27.0,BIOFACQUIM,BIOFACQUIM,No,No
39,FQNP350,Propionic_acid_(9R_10R)-9-acetoxy-8_8-dimethyl-9_10-dihydro-2H_8H-benzo[1_2-b:3_4-b']dipyran-2-one-10-yl_ester,O=C(O[C@H]1[C@@H](OC(=O)C)C(C)(C)Oc2c1c1OC(=O)C=Cc1cc2)CC,7.0,0.0,3.0,2.890000000000001,92.04,360.36200000000014,26.0,26.0,26.0,BIOFACQUIM,BIOFACQUIM,No,No
40,FQNP356,(+)-ciskhellactone,O=C1Oc2c3[C@@H](O)[C@@H](O)C(C)(C)Oc3ccc2C=C1,5.0,2.0,0.0,1.3582999999999998,79.9,262.261,19.0,19.0,19.0,BIOFACQUIM,BIOFACQUIM,No,No
41,FQNP378,1'-isobutiroyloxy-4-O-isobutyryleugenol,O=C(OC(C=C)c1cc(OC)c(OC(=O)C(C)C)cc1)C(C)C,5.0,0.0,7.0,3.6829000000000023,61.83000000000001,320.385,23.0,23.0,23.0,BIOFACQUIM,BIOFACQUIM,No,No
42,FQNP382,15-isobutiroyloxycostunolide,O=C(OC/C/1=C/C=C\C(C)CC[C@H]2C(=C)C(=O)O[C@@H]2C\1)C(C)C,4.0,0.0,3.0,3.586000000000003,52.60000000000001,318.413,23.0,23.0,23.0,BIOFACQUIM,BIOFACQUIM,No,No
43,FQNP381,15-isovaleroyloxycostunolide,O=C(OC/C/1=C/C=C\C(C)CC[C@H]2C(=C)C(=O)O[C@@H]2C\1)CC(C)C,4.0,0.0,4.0,3.9761000000000033,52.60000000000001,332.44000000000005,24.0,24.0,24.0,BIOFACQUIM,BIOFACQUIM,No,No
44,FQNP376,Zaluzanin_C_isobutyrate,O=C(O[C@@H]1C(=C)[C@@H]2[C@H]3OC(=O)C(=C)C3CCC(=C)[C@@H]2C1)C(C)C,4.0,0.0,2.0,3.194300000000002,52.6,316.397,23.0,23.0,23.0,BIOFACQUIM,BIOFACQUIM,No,No
45,FQNP377,Zaluzanin_C_isovalerate,O=C(O[C@@H]1C(=C)[C@@H]2[C@H]3OC(=O)C(=C)C3CCC(=C)[C@@H]2C1)CC(C)C,4.0,0.0,3.0,3.5844000000000023,52.6,330.4240000000001,24.0,24.0,24.0,BIOFACQUIM,BIOFACQUIM,No,No
46,FQNP375,1'-Isovaleroyloxy-4-O-isobutyryleugenol,O=C(Oc1c(OC)cc(C(OC(=O)CC(C)C)C=C)cc1)C(C)C,5.0,0.0,8.0,4.073000000000003,61.83000000000001,334.4120000000001,24.0,24.0,24.0,BIOFACQUIM,BIOFACQUIM,No,No
47,FQNP379,Dehydrocostus_lactone,O=C1C(=C)C2[C@H](O1)[C@H]1C(=C)CC[C@H]1C(=C)CC2,2.0,0.0,0.0,3.0166000000000013,26.3,230.30699999999993,17.0,17.0,17.0,BIOFACQUIM,BIOFACQUIM,No,No
48,FQNP380,Costunolide,O=C1C(=C)[C@H]2[C@H](O1)C/C(/C)=C\C=C/C(C)CC2,2.0,0.0,0.0,3.4067000000000025,26.3,232.323,17.0,17.0,17.0,BIOFACQUIM,BIOFACQUIM,No,No
49,FQNP282,9_19-cyclolanosta-24_24-dimethyl-25-en-3b-yl_trans-p-hydroxycinnamate,O=C(/C=C/c1ccc(O)cc1)[C@@H]1C(C)(C)C2[C@@]3([C@]4(C([C@@]5(C)[C@@](C)([C@@H]([C@@H](CCC(C(=C)C)(C)C)C)CC5)CC4)CC2)C3)CC1,2.0,1.0,8.0,11.04839999999999,37.3,584.9290000000002,43.0,43.0,43.0,BIOFACQUIM,BIOFACQUIM,No,No
50,FQNP284,5a-lanosta24_24-dimethyl-9(11)_25-dien-3b-ol,O[C@@H]1C(C)(C)C2[C@@](C)(C=3C([C@@]4(C)[C@@](C)([C@@H]([C@@H](CCC(C(=C)C)(C)C)C)CC4)CC=3)CC2)CC1,1.0,1.0,5.0,8.971100000000002,20.23,454.7830000000005,33.0,33.0,33.0,BIOFACQUIM,BIOFACQUIM,No,No
51,FQNP283,5a-lanosta-24(S)-methyl-9(11)_25-dien-3b-ol,O[C@@H]1C(C)(C)C2[C@@](C)(C=3C([C@@]4(C)[C@@](C)([C@@H]([C@@H](CC[C@@H](C(=C)C)C)C)CC4)CC=3)CC2)CC1,1.0,1.0,5.0,8.581000000000008,20.23,440.75600000000037,32.0,32.0,32.0,BIOFACQUIM,BIOFACQUIM,No,No
52,FQNP281,Nidemin,[C@H](CCC(C(=C)C)(C)C)(C)[C@@H]1[C@]2(C)[C@](C)(C3[C@](C)([C@]45O[C@H](C(C)(C)C4CC3)CC5)CC2)CC1,1.0,0.0,5.0,9.2115,9.23,454.7830000000005,33.0,33.0,33.0,BIOFACQUIM,BIOFACQUIM,No,No
53,FQNP400,Gymnopusin,O(C)c1c(OC)c2c3c(c(OC)cc2cc1O)cc(O)cc3,5.0,2.0,3.0,3.4300000000000024,68.15,300.31,22.0,22.0,22.0,BIOFACQUIM,BIOFACQUIM,No,No
54,FQNP301,5-hydroxy-6_8-dimethoxy-2_3-dimethyl-4H-naphtho[2_3-b]-pyran-4-one,O(C)c1c2c(O)c3C(=O)C(C)=C(C)Oc3cc2cc(OC)c1,5.0,1.0,2.0,3.2858400000000016,68.9,300.31,22.0,22.0,22.0,BIOFACQUIM,BIOFACQUIM,No,No
55,FQNP302,Rubrofusarin_B,O(C)c1c2c(O)c3C(=O)C=C(C)Oc3cc2cc(OC)c1,5.0,1.0,2.0,2.9774200000000013,68.9,286.283,21.0,21.0,21.0,BIOFACQUIM,BIOFACQUIM,No,No
56,FQNP297,(2S)-5-hydroxy-6_8-dimethoxy-2-methyl-4H-2_3-dihydronaphtho[2_3-b]-pyran-4-one,O(C)c1c2c(O)c3C(=O)C[C@H](C)Oc3cc2cc(OC)c1,5.0,1.0,2.0,2.916300000000001,64.99000000000001,288.29900000000004,21.0,21.0,21.0,BIOFACQUIM,BIOFACQUIM,No,No
57,FQNP295,(2S_3S)-5-hydroxy-6_8-dimethoxy-2_3-dimethyl-4H-2_3-dihydronaphtho[2_3-b]-pyran-4-one,O(C)c1c2c(O)c3C(=O)[C@@H](C)[C@H](C)Oc3cc2cc(OC)c1,5.0,1.0,2.0,3.162300000000002,64.99000000000001,302.32599999999996,22.0,22.0,22.0,BIOFACQUIM,BIOFACQUIM,No,No
58,FQNP299,(2S_3R)-5-hydroxy-6_8-dimethoxy-2_3-dimethyl-2_3-dihydro-4H-naphtho[2_3-b]-pyran-4-one,O(C)c1c2c(O)c3C(=O)[C@H](C)[C@H](C)Oc3cc2cc(OC)c1,5.0,1.0,2.0,3.162300000000002,64.99000000000001,302.32599999999996,22.0,22.0,22.0,BIOFACQUIM,BIOFACQUIM,No,No
59,FQNP298,(2S)-5-hydroxy-6_8_10-trimethoxy-2-methyl-4H-2_3-dihydronaphtho[2_3-b]-pyran-4-one,O(C)c1c2c(c(O)c3C(=O)C[C@H](C)Oc13)c(OC)cc(OC)c2,6.0,1.0,3.0,2.9249000000000014,74.22000000000001,318.325,23.0,23.0,23.0,BIOFACQUIM,BIOFACQUIM,No,No
60,FQNP296,(2S_3S)-5-hydroxy-6_8_10-trimethoxy-2_3-dimethyl-4H2_3-dihydronaphtho[2_3-b]-pyran-4-one,O(C)c1c2c(c(O)c3C(=O)[C@@H](C)[C@H](C)Oc13)c(OC)cc(OC)c2,6.0,1.0,3.0,3.1709000000000014,74.22000000000001,332.3520000000001,24.0,24.0,24.0,BIOFACQUIM,BIOFACQUIM,No,No
61,FQNP300,(2S_3R)-5-hydroxy-6_8_10-trimethoxy-2_3-dimethyl-2_3-dihydro-4H-naphtho[2_3-b]-pyran-4-one,O(C)c1c2c(c(O)c3C(=O)[C@H](C)[C@H](C)Oc13)c(OC)cc(OC)c2,6.0,1.0,3.0,3.1709000000000014,74.22000000000001,332.3520000000001,24.0,24.0,24.0,BIOFACQUIM,BIOFACQUIM,No,No
62,FQNP304,Citrinin,O=C(O)C=1C(=O)C(C)=C2[C@@H](C)[C@H](C)OC=C2C=1O,4.0,2.0,1.0,1.721,83.83,250.25,18.0,18.0,18.0,BIOFACQUIM,BIOFACQUIM,No,No
63,FQNP303,Ergosta-4_6_8(14)_22-tetraen-3-one,O=C1C=C2[C@@](C)(C3C(=C4[C@@](C)([C@@H]([C@@H](/C=C/[C@@H](C(C)C)C)C)CC4)CC3)C=C2)CC1,1.0,0.0,4.0,7.459100000000008,17.07,392.6270000000003,29.0,29.0,29.0,BIOFACQUIM,BIOFACQUIM,No,No
64,FQNP387,Kobusin,O(C)c1c(O)ccc([C@H]2OC[C@@H]3[C@@H](c4c(C)c5OCOc5cc4)OC[C@H]23)c1,6.0,1.0,3.0,3.5131200000000025,66.38000000000001,370.4010000000002,27.0,27.0,27.0,BIOFACQUIM,BIOFACQUIM,No,No
65,FQNP385,2'-methoxykobusin,O(C)c1c(OC)ccc([C@H]2OC[C@@H]3[C@@H](c4c(C)c5OCOc5cc4)OC[C@H]23)c1,6.0,0.0,4.0,3.8161200000000033,55.38000000000001,384.42800000000017,28.0,28.0,28.0,BIOFACQUIM,BIOFACQUIM,No,No
66,FQNP386,2'-methoxy4''-hydroxydemethoxykobusin,O(C)c1c(OC)ccc([C@H]2OC[C@@H]3[C@@H](c4cc5OCOc5cc4)OC[C@H]23)c1,6.0,0.0,4.0,3.5077000000000025,55.38000000000001,370.4010000000002,27.0,27.0,27.0,BIOFACQUIM,BIOFACQUIM,No,No
67,FQNP388,2'_2''-dimethoxysesamin,O(C)c1c([C@H]2OC[C@@H]3[C@@H](c4c(OC)c5OCOc5cc4)OC[C@H]23)ccc2OCOc12,8.0,0.0,4.0,3.236400000000001,73.84000000000002,414.41000000000014,30.0,30.0,30.0,BIOFACQUIM,BIOFACQUIM,No,No
68,FQNP395,Herbarumin_III,O=C1O[C@H](CCC)C[C@@H](O)/C=C/CCC1,3.0,1.0,2.0,2.1894,46.53,212.28900000000002,15.0,15.0,15.0,BIOFACQUIM,BIOFACQUIM,No,No
69,FQNP396,Herbarumin_I,O=C1O[C@H](CCC)[C@@H](O)[C@@H](O)/C=C/CCC1,4.0,2.0,2.0,1.1602,66.76,228.288,16.0,16.0,16.0,BIOFACQUIM,BIOFACQUIM,No,No
70,FQNP397,Herbarumin_II,O=C1[C@H](O)CC/C=C/[C@H](O)[C@H](O)[C@@H](CCC)O1,5.0,3.0,2.0,0.13099999999999956,86.99000000000002,244.287,17.0,17.0,17.0,BIOFACQUIM,BIOFACQUIM,No,No
71,FQNP425,Dehydroflourensic_acid,O=C(O)C(=C)C1CC(=O)C=2C(C)(C(C)CCC=2)C1,2.0,1.0,2.0,2.968900000000001,54.37,248.32199999999997,18.0,18.0,18.0,BIOFACQUIM,BIOFACQUIM,No,No
72,FQNP428,Tetracosan-4-olide,O=C1OC(CCCCCCCCCCCCCCCCCCCC)CC1,2.0,0.0,19.0,8.123800000000008,26.3,366.63000000000017,26.0,26.0,26.0,BIOFACQUIM,BIOFACQUIM,No,No
73,FQNP429,Pentacosan-4-olide,O=C1OC(CCCCCCCCCCCCCCCCCCCCC)CC1,2.0,0.0,20.0,8.513900000000005,26.3,380.6570000000002,27.0,27.0,27.0,BIOFACQUIM,BIOFACQUIM,No,No
74,FQNP430,Hexacosan-4-olide,O=C1OC(CCCCCCCCCCCCCCCCCCCCCC)CC1,2.0,0.0,21.0,8.904000000000002,26.3,394.6840000000003,28.0,28.0,28.0,BIOFACQUIM,BIOFACQUIM,No,No
75,FQNP431,Heptacosan-4-olide,O=C1OC(CCCCCCCCCCCCCCCCCCCCCCC)CC1,2.0,0.0,22.0,9.2941,26.3,408.71100000000035,29.0,29.0,29.0,BIOFACQUIM,BIOFACQUIM,No,No
76,FQNP432,Octacosan-4-olide,O=C1OC(CCCCCCCCCCCCCCCCCCCCCCCC)CC1,2.0,0.0,23.0,9.6842,26.3,422.7380000000004,30.0,30.0,30.0,BIOFACQUIM,BIOFACQUIM,No,No
77,FQNP433,Nonacosan-4-olide,O=C1OC(CCCCCCCCCCCCCCCCCCCCCCCCC)CC1,2.0,0.0,24.0,10.074299999999996,26.3,436.76500000000055,31.0,31.0,31.0,BIOFACQUIM,BIOFACQUIM,No,No
78,FQNP434,Triacontan-4-olide,O=C1OC(CCCCCCCCCCCCCCCCCCCCCCCCCC)CC1,2.0,0.0,25.0,10.464399999999992,26.3,450.79200000000054,32.0,32.0,32.0,BIOFACQUIM,BIOFACQUIM,No,No
79,FQNP426,Flourensadiol,OC[C@]1(C)[C@H]2C1[C@@H]1[C@H](C)CC[C@@H]1[C@](O)(C)CC2,2.0,2.0,1.0,2.4381000000000004,40.46,238.37099999999992,17.0,17.0,17.0,BIOFACQUIM,BIOFACQUIM,No,No
80,FQNP469,2-Oxo-16-(3'_4'-methylenedioxyphenyl)-trans-3-hexadecene,O=C(/C=C/CCCCCCCCCCCCc1cc2OCOc2cc1)C,3.0,0.0,14.0,6.394100000000009,35.53,358.52200000000016,26.0,26.0,26.0,BIOFACQUIM,BIOFACQUIM,No,No
81,FQNP464,2-Oxo-16-phenyl-trans-3-hexadecene,O=C(/C=C/CCCCCCCCCCCCc1ccccc1)C,1.0,0.0,14.0,6.665400000000008,17.07,314.513,23.0,23.0,23.0,BIOFACQUIM,BIOFACQUIM,No,No
82,FQNP468,2-Oxo-14-(3'_4'-methylenedioxyphenyl)-trans-3-tetradecene,O=C(/C=C/CCCCCCCCCCc1cc2OCOc2cc1)C,3.0,0.0,12.0,5.613900000000006,35.53,330.46800000000013,24.0,24.0,24.0,BIOFACQUIM,BIOFACQUIM,No,No
83,FQNP461,2-Oxo-14-(3'_4'-methylenedioxyphenyl)-trans-13-tetradecene,O=C(CCCCCCCCCC/C=C/c1cc2OCOc2cc1)C,3.0,0.0,12.0,5.918500000000006,35.53,330.46800000000013,24.0,24.0,24.0,BIOFACQUIM,BIOFACQUIM,No,No
84,FQNP462,2-Oxo-16-(3'_4'-methylenedioxyphenyl)-trans-15-hexadecene,O=C(CCCCCCCCCCCC/C=C/c1cc2OCOc2cc1)C,3.0,0.0,14.0,6.6987000000000085,35.53,358.52200000000016,26.0,26.0,26.0,BIOFACQUIM,BIOFACQUIM,No,No
85,FQNP463,2-Oxo-18-(3'_4'-methylenedioxyphenyl)-trans-17-octadecene,O=C(CCCCCCCCCCCCCC/C=C/c1cc2OCOc2cc1)C,3.0,0.0,16.0,7.478900000000008,35.53,386.57600000000014,28.0,28.0,28.0,BIOFACQUIM,BIOFACQUIM,No,No
86,FQNP460,2-Oxo-18-(3'_4'-methylenedioxyphenyl)octadecane,O=C(CCCCCCCCCCCCCCCCc1cc2OCOc2cc1)C,3.0,0.0,17.0,7.398300000000009,35.53,388.59200000000016,28.0,28.0,28.0,BIOFACQUIM,BIOFACQUIM,No,No
87,FQNP459,2-Oxo-16-(3'_4'-methylenedioxyphenyl)hexadecane,O=C(CCCCCCCCCCCCCCc1cc2OCOc2cc1)C,3.0,0.0,15.0,6.618100000000008,35.53,360.53800000000007,26.0,26.0,26.0,BIOFACQUIM,BIOFACQUIM,No,No
88,FQNP470,2-Oxo-16-phenyl-3-hexadecane,O=C(CCCCCCCCCCCCCCc1ccccc1)C,1.0,0.0,15.0,6.889400000000008,17.07,316.52899999999994,23.0,23.0,23.0,BIOFACQUIM,BIOFACQUIM,No,No
89,FQNP458,2-Oxo-14-(3'_4'-methylenedioxyphenyl)tetradecane,O=C(CCCCCCCCCCCCc1cc2OCOc2cc1)C,3.0,0.0,13.0,5.837900000000007,35.53,332.4840000000001,24.0,24.0,24.0,BIOFACQUIM,BIOFACQUIM,No,No
90,FQNP457,2-Oxo-12-(3'_4'-methylenedioxyphenyl)dodecane,O=C(CCCCCCCCCCc1cc2OCOc2cc1)C,3.0,0.0,11.0,5.057700000000005,35.53,304.43,22.0,22.0,22.0,BIOFACQUIM,BIOFACQUIM,No,No
91,FQNP466,Methyl_2-(6-tridecyltetrahydro-2H-pyran-2-yl)acetate,O=C(OC)CC1OC(CCCCCCCCCCCCC)CCC1,3.0,0.0,14.0,6.188300000000008,35.53,340.54800000000006,24.0,24.0,24.0,BIOFACQUIM,BIOFACQUIM,No,No
92,FQNP467,Methyl_2-(5-tetradecyltetrahydro-2-furanyl)acetate,O=C(OC)CC1OC(CCCCCCCCCCCCCC)CC1,3.0,0.0,15.0,6.188300000000008,35.53,340.54800000000006,24.0,24.0,24.0,BIOFACQUIM,BIOFACQUIM,No,No
93,FQNP465,Methyl_[6-(10-phenyldecanyl)tetrahydropyran-2-yl]acetate,O=C(OC)CC1OC(CCCCCCCCCCc2ccccc2)CCC1,3.0,0.0,13.0,6.240800000000008,35.53,374.565,27.0,27.0,27.0,BIOFACQUIM,BIOFACQUIM,No,No
94,FQNP367,Ephemeranthoquinone,O(C)C=1C(=O)C2=C(C(=O)C=1)c1c(cc(O)cc1)CC2,4.0,1.0,1.0,1.7740999999999998,63.60000000000001,256.257,19.0,19.0,19.0,BIOFACQUIM,BIOFACQUIM,No,No
95,FQNP363,Nidemone,O(C)C=1C2(C(=O)c3c(O)cccc3CC2)CC(=O)C=1,4.0,1.0,1.0,2.0106,63.6,258.2729999999999,19.0,19.0,19.0,BIOFACQUIM,BIOFACQUIM,No,No
96,FQNP364,Aloifol_II,O(C)c1c(O)c(OC)cc(CCc2cc(OC)c(O)cc2)c1,5.0,2.0,6.0,2.908800000000001,68.15,304.34199999999987,22.0,22.0,22.0,BIOFACQUIM,BIOFACQUIM,No,No
97,FQNP369,Ephemeranthol_B,O(C)c1c(O)c(OC)cc2c1-c1c(cc(O)cc1)CC2,4.0,2.0,2.0,2.880600000000001,58.92,272.30000000000007,20.0,20.0,20.0,BIOFACQUIM,BIOFACQUIM,No,No
98,FQNP371,Lusianthridin,O(C)c1cc(O)c2-c3c(cc(O)cc3)CCc2c1,3.0,2.0,1.0,2.8720000000000008,49.69,242.274,18.0,18.0,18.0,BIOFACQUIM,BIOFACQUIM,No,No
99,FQNP452,Galphimine_F,O=C(OC)[C@]12[C@@]3(O)[C@@](C)(CC[C@]1(C)[C@H]1[C@H](O)C[C@]4([C@H](O)C)[C@H]([C@]1(C)CC2)C=CC(=O)OC4)CCC(=C)C3,7.0,3.0,2.0,3.7007000000000017,113.29,516.6750000000003,37.0,37.0,37.0,BIOFACQUIM,BIOFACQUIM,No,No
100,FQNP456,Galphimine_C,O=C(OC)[C@]12[C@@]3(O)[C@@](C)(CC[C@]1(C)[C@H]1[C@H](O)C[C@]4([C@H](O)C)[C@H]([C@]1(C)CC2)C=CC(=O)OC4)CCC(C)=C3,7.0,3.0,2.0,3.7007000000000017,113.29,516.6750000000004,37.0,37.0,37.0,BIOFACQUIM,BIOFACQUIM,No,No
101,FQNP454,Galphimine_H,O=C(OC)[C@]12[C@@]3(O)[C@@](C)(CC[C@]1(C)[C@H]1[C@H](O)[C@H](O)[C@]4([C@H](O)C)[C@H]([C@]1(C)CC2)C=CC(=O)OC4)CCC(=C)C3,8.0,4.0,2.0,2.6715,133.52,532.6740000000003,38.0,38.0,38.0,BIOFACQUIM,BIOFACQUIM,No,No
102,FQNP448,Galphimine_B,O=C(OC)[C@]12[C@@]3(O)[C@](C)(CC=C(C)C3)CC[C@]1(C)[C@H]1[C@H](O)C[C@]3([C@H](O)C)[C@H]([C@]1(C)CC2)C=CC(=O)OC3,7.0,3.0,2.0,3.700700000000003,113.29,516.6750000000002,37.0,37.0,37.0,BIOFACQUIM,BIOFACQUIM,No,No
103,FQNP450,Galphimine_A,O=C(OC)[C@]12[C@@]3(O)[C@](C)(CC=C(C)C3)CC[C@]1(C)[C@H]1[C@H](O)[C@H](O)[C@]3([C@H](O)C)[C@H]([C@]1(C)CC2)C=CC(=O)OC3,8.0,4.0,2.0,2.671500000000001,133.52,532.6740000000002,38.0,38.0,38.0,BIOFACQUIM,BIOFACQUIM,No,No
104,FQNP455,Galphimine_I,O=C(O[C@@H]1[C@H](O)[C@]2([C@H](O)C)[C@H]([C@@]3(C)[C@H]1[C@]1(C)[C@](C(=O)OC)([C@@]4(O)[C@@](C)(CC1)CCC(=C)C4)CC3)C=CC(=O)OC2)C,9.0,3.0,3.0,3.242300000000001,139.59,574.7110000000006,41.0,41.0,41.0,BIOFACQUIM,BIOFACQUIM,No,No
105,FQNP451,Galphimine_D,O=C(O[C@@H]1[C@H](O)[C@]2([C@H](O)C)[C@H]([C@@]3(C)[C@H]1[C@]1(C)[C@](C(=O)OC)([C@@]4(O)[C@](C)(CC=C(C)C4)CC1)CC3)C=CC(=O)OC2)C,9.0,3.0,3.0,3.242300000000001,139.59,574.7110000000004,41.0,41.0,41.0,BIOFACQUIM,BIOFACQUIM,No,No
106,FQNP453,Galphimine_G,O=C(O[C@H]1[C@@H](O)[C@@H]2[C@]3(C)[C@](C(=O)OC)([C@@]4(O)[C@@](C)(CC3)CCC(=C)C4)CC[C@@]2(C)[C@H]2[C@]1([C@H](O)C)COC(=O)C=C2)C,9.0,3.0,3.0,3.242300000000001,139.59,574.7110000000006,41.0,41.0,41.0,BIOFACQUIM,BIOFACQUIM,No,No
107,FQNP449,Galphimine_E,O=C(O[C@H]1[C@@H](O)[C@@H]2[C@]3(C)[C@](C(=O)OC)([C@@]4(O)[C@](C)(CC=C(C)C4)CC3)CC[C@@]2(C)[C@H]2[C@]1([C@H](O)C)COC(=O)C=C2)C,9.0,3.0,3.0,3.242300000000001,139.59,574.7110000000006,41.0,41.0,41.0,BIOFACQUIM,BIOFACQUIM,No,No
108,FQNP398,Falcarindiol,O[C@H](C#CC#C[C@H](O)C=C)/C=C\CCCCCCC,2.0,2.0,8.0,2.817700000000001,40.46,260.3769999999999,19.0,19.0,19.0,BIOFACQUIM,BIOFACQUIM,No,No
109,FQNP294,Fumonisin_B1,O([C@H]([C@H](OC(=O)C[C@@H](C(=O)O)CC(=O)O)[C@@H](CCCC)C)[C@H](C[C@H](O)CCCC[C@@H](O)C[C@H](O)[C@@H](N)C)C)C(=O)C[C@@H](C(=O)O)CC(=O)O,12.0,8.0,28.0,2.174100000000001,288.51,707.8110000000003,49.0,49.0,49.0,BIOFACQUIM,BIOFACQUIM,No,No
110,FQNP293,Geranin_D,O[C@@H]1[C@@]2(c3ccc(O)cc3)Oc3c(c(O)cc4O[C@]5([C@H](O)[C@H](c6c(O)cc(O)cc6O5)c34)c3ccc(O)cc3)[C@@H]1c1c3O[C@@H]([C@@H](O)Cc3c(O)cc1O2)c1ccc(O)cc1,15.0,10.0,3.0,4.924100000000012,248.44999999999996,814.7520000000003,60.0,60.0,60.0,BIOFACQUIM,BIOFACQUIM,No,No
111,FQNP292,Geranin_A,O[C@H]1[C@@]2(c3ccc(O)cc3)Oc3c(c(O)cc(O)c3)[C@@H]1c1c3O[C@@H]([C@@H](O)Cc3c(O)cc1O2)c1cc(O)c(O)cc1,11.0,8.0,2.0,3.0879000000000003,189.53,560.5110000000003,41.0,41.0,41.0,BIOFACQUIM,BIOFACQUIM,No,No
112,FQNP316,2_3-dimethoxy-9_10-dihydrophenanthrene-4_7-diol,O(C)c1c(O)c2-c3c(cc(O)cc3)CCc2cc1OC,4.0,2.0,2.0,2.880600000000001,58.92,272.3,20.0,20.0,20.0,BIOFACQUIM,BIOFACQUIM,No,No
113,FQNP310,4'-Hydroxy-3_3'_5-trimethoxybibenzyl,O(C)c1c(O)ccc(CCc2cc(OC)cc(OC)c2)c1,4.0,1.0,6.0,3.2032000000000016,47.92,288.343,21.0,21.0,21.0,BIOFACQUIM,BIOFACQUIM,No,No
114,FQNP318,3_4_9-trimethoxyphenanthrene-2_5-diol,O(C)c1c(OC)c2c3c(O)cccc3c(OC)cc2cc1O,5.0,2.0,3.0,3.430000000000002,68.15,300.31000000000006,22.0,22.0,22.0,BIOFACQUIM,BIOFACQUIM,No,No
115,FQNP311,3_3'_4'_5-tetramethoxybibenzyl,O(C)c1c(OC)ccc(CCc2cc(OC)cc(OC)c2)c1,4.0,0.0,7.0,3.5062000000000024,36.92,302.37,22.0,22.0,22.0,BIOFACQUIM,BIOFACQUIM,No,No
116,FQNP313,3'-O-methylbatatasin_III,O(C)c1cc(O)cc(CCc2cc(OC)ccc2)c1,3.0,1.0,5.0,3.194600000000001,38.69,258.31699999999995,19.0,19.0,19.0,BIOFACQUIM,BIOFACQUIM,No,No
117,FQNP312,3_4'-dihydroxy-5-methoxybibenzyl,O(C)c1cc(O)cc(CCc2ccc(O)cc2)c1,3.0,2.0,4.0,2.8916000000000013,49.69,244.29,18.0,18.0,18.0,BIOFACQUIM,BIOFACQUIM,No,No
118,FQNP319,Isovitexin,O=C1c2c(O)c([C@H]3[C@H](O)[C@@H](O)[C@H](O)[C@@H](CO)O3)c(O)cc2OC(c2ccc(O)cc2)=C1,10.0,7.0,3.0,0.0916999999999994,181.05,432.38100000000014,31.0,31.0,31.0,BIOFACQUIM,BIOFACQUIM,No,No
119,FQNP317,Apigenin,O=C1c2c(O)cc(O)cc2OC(c2ccc(O)cc2)=C1,5.0,3.0,1.0,2.5768000000000004,90.9,270.23999999999995,20.0,20.0,20.0,BIOFACQUIM,BIOFACQUIM,No,No
120,FQNP314,3_3'_5-trihydroxybibenzyl,Oc1cc(O)cc(CCc2cc(O)ccc2)c1,3.0,3.0,3.0,2.5886000000000005,60.69,230.263,17.0,17.0,17.0,BIOFACQUIM,BIOFACQUIM,No,No
121,FQNP315,3_4'_5-Trihydroxybibenzyl,Oc1cc(O)cc(CCc2ccc(O)cc2)c1,3.0,3.0,3.0,2.5886000000000005,60.69,230.263,17.0,17.0,17.0,BIOFACQUIM,BIOFACQUIM,No,No
122,FQNP373,Hofmeisterin,O=C(OCC(=O)c1c(O)cc(C)cc1)C,4.0,1.0,3.0,1.44642,63.60000000000001,208.213,15.0,15.0,15.0,BIOFACQUIM,BIOFACQUIM,No,No
123,FQNP374,3'_4'_4a'_9a'-tetrahydro-6_7'-dimethylspiro[benzofuran-3(2H)_2'-pyrano[2_3-b]benzofuran]-2_4a'-diol,O[C@@H]1[C@@]2(O[C@H]3[C@](O)(c4c(c(C)ccc4)O3)CC2)c2c(O1)cc(C)cc2,5.0,2.0,0.0,2.626240000000001,68.15,340.37500000000006,25.0,25.0,25.0,BIOFACQUIM,BIOFACQUIM,No,No
124,FQNP436,Penicillic_acid,O(C)C=1C(O)(C(=C)C)OC(=O)C=1,4.0,1.0,2.0,0.3382000000000001,55.76,170.16400000000002,12.0,12.0,12.0,BIOFACQUIM,BIOFACQUIM,No,No
125,FQNP435,1-hydroxy-2-oxoeremo-phil-1(10)_7(11)_8(9)-trien-12(8)-olide,O=C1C(C)=C2C(O1)=CC1=C(O)C(=O)C[C@H](C)[C@@]1(C)C2,4.0,1.0,0.0,2.574600000000001,63.6,260.289,19.0,19.0,19.0,BIOFACQUIM,BIOFACQUIM,No,No
126,FQNP438,2'-methoxybenzyl-2-hydroxybenzoate,O=C(OCc1c(OC)cccc1)c1c(O)cccc1,4.0,1.0,4.0,2.7578000000000005,55.76000000000001,258.27299999999997,19.0,19.0,19.0,BIOFACQUIM,BIOFACQUIM,No,No
127,FQNP437,3'-hydroxybenzyl-2_6-dimethoxybenzoate,O=C(OCc1cc(O)ccc1)c1c(OC)cccc1OC,5.0,1.0,5.0,2.7664000000000013,64.99000000000001,288.2990000000001,21.0,21.0,21.0,BIOFACQUIM,BIOFACQUIM,No,No
128,FQNP440,3'-methoxybenzyl-2-hydroxy-6-methoxybenzoate,O=C(OCc1cc(OC)ccc1)c1c(OC)cccc1O,5.0,1.0,5.0,2.7664000000000017,64.99000000000001,288.2990000000001,21.0,21.0,21.0,BIOFACQUIM,BIOFACQUIM,No,No
129,FQNP444,3'-methoxybenzyl_2_6-dimethoxybenzoate,O=C(OCc1cc(OC)ccc1)c1c(OC)cccc1OC,5.0,0.0,6.0,3.0694000000000017,53.99000000000001,302.32600000000014,22.0,22.0,22.0,BIOFACQUIM,BIOFACQUIM,No,No
130,FQNP443,Benzyl_2-hydroxy-5_6-dimethoxybenzoate,O=C(OCc1ccccc1)c1c(OC)c(OC)ccc1O,5.0,1.0,5.0,2.7664000000000013,64.99000000000001,288.29900000000004,21.0,21.0,21.0,BIOFACQUIM,BIOFACQUIM,No,No
131,FQNP442,Benzyl_2_5_6-trimethoxybenzoate,O=C(OCc1ccccc1)c1c(OC)c(OC)ccc1OC,5.0,0.0,6.0,3.0694000000000017,53.99000000000001,302.32599999999996,22.0,22.0,22.0,BIOFACQUIM,BIOFACQUIM,No,No
132,FQNP441,Benzyl_2-hydroxy-6-methoxybenzoate,O=C(OCc1ccccc1)c1c(OC)cccc1O,4.0,1.0,4.0,2.757800000000002,55.76000000000001,258.273,19.0,19.0,19.0,BIOFACQUIM,BIOFACQUIM,No,No
133,FQNP439,benzyl_2_6-dimethoxybenzoate,O=C(OCc1ccccc1)c1c(OC)cccc1OC,4.0,0.0,5.0,3.0608000000000013,44.76000000000001,272.3,20.0,20.0,20.0,BIOFACQUIM,BIOFACQUIM,No,No
134,FQNP333,Operculinic_acid_B,O=C(O)CCCCCCCCCC(O[C@H]1[C@H](O[C@H]2[C@H](O)[C@H](O)[C@@H](O[C@H]3[C@H](O)[C@H](O[C@H]4[C@H](O)[C@@H](O)[C@H](O)[C@@H](CO)O4)[C@@H](O[C@H]4[C@H](O)[C@H](O)[C@@H](O)[C@H](C)O4)[C@H](C)O3)[C@H](C)O2)[C@@H](O)[C@H](O)[C@@H](CO)O1)CCCCC,24.0,14.0,26.0,-3.2730999999999786,392.59000000000015,1035.1370000000004,71.0,71.0,71.0,BIOFACQUIM,BIOFACQUIM,No,No
135,FQNP330,Purgic_acid_A,O=C(O)CCCCCCCCCC(O[C@H]1[C@H](O[C@H]2[C@H](O[C@H]3[C@H](O)[C@H](C[C@H]4[C@H](O[C@H]5[C@H](O)[C@@H](O)[C@H](O)[C@@H](C)O5)[C@@H](O)[C@H](O)[C@@H](CO)O4)[C@@H](O[C@H]4[C@H](O)[C@@H](O)[C@@H](O)[C@@H](C)O4)[C@H](C)O3)[C@@H](O)[C@H](O)[C@@H](CO)O2)[C@@H](O)[C@H](O)[C@@H](C)O1)CCC,27.0,16.0,26.0,-4.537899999999988,442.28000000000014,1151.2530000000004,79.0,79.0,79.0,BIOFACQUIM,BIOFACQUIM,No,No
136,FQNP331,Purgic_acid_B,O=C(O)CCCCCCCCCC(O[C@H]1[C@H](O[C@H]2[C@H](O[C@H]3[C@H](O)[C@H](C[C@H]4[C@H](O[C@H]5[C@H](O)[C@@H](O)[C@H](O)[C@@H](C)O5)[C@@H](O)[C@H](O)[C@@H](CO)O4)[C@@H](O[C@H]4[C@H](O)[C@@H](O)[C@@H](O)[C@@H](C)O4)[C@H](C)O3)[C@@H](O)[C@H](O)[C@@H](CO)O2)[C@@H](O)[C@H](O)[C@@H](C)O1)CCCCC,27.0,16.0,28.0,-3.7576999999999856,442.28000000000014,1179.3070000000007,81.0,81.0,81.0,BIOFACQUIM,BIOFACQUIM,No,No
137,FQNP332,Scammonic_acid_A,O=C(O)CCCCCCCCCC(O[C@H]1[C@H](O[C@H]2[C@H](O[C@H]3[C@H](O)[C@H](O)[C@@H](O[C@H]4[C@H](O)[C@@H](O)[C@H](O)[C@@H](C)O4)[C@H](C)O3)[C@@H](O)[C@H](C)[C@@H](CO)C2)[C@@H](O)[C@H](O)[C@@H](C)O1)CCCCC,17.0,10.0,23.0,0.8415000000000061,283.98,869.0519999999998,60.0,60.0,60.0,BIOFACQUIM,BIOFACQUIM,No,No
138,FQNP334,Purgic_acid_A_methyl_ester,O=C(OC)CCCCCCCCCC(O[C@H]1[C@H](O[C@H]2[C@H](O[C@H]3[C@H](O)[C@H](C[C@H]4[C@H](O[C@H]5[C@H](O)[C@@H](O)[C@H](O)[C@@H](C)O5)[C@@H](O)[C@H](O)[C@@H](CO)O4)[C@@H](O[C@H]4[C@H](O)[C@@H](O)[C@@H](O)[C@@H](C)O4)[C@H](C)O3)[C@@H](O)[C@H](O)[C@@H](CO)O2)[C@@H](O)[C@H](O)[C@@H](C)O1)CCC,28.0,15.0,26.0,-4.449499999999991,431.28000000000014,1165.2800000000007,80.0,80.0,80.0,BIOFACQUIM,BIOFACQUIM,No,No
139,FQNP335,Purgic_acid_B_methyl_ester,O=C(OC)CCCCCCCCCC(O[C@H]1[C@H](O[C@H]2[C@H](O[C@H]3[C@H](O)[C@H](C[C@H]4[C@H](O[C@H]5[C@H](O)[C@@H](O)[C@H](O)[C@@H](C)O5)[C@@H](O)[C@H](O)[C@@H](CO)O4)[C@@H](O[C@H]4[C@H](O)[C@@H](O)[C@@H](O)[C@@H](C)O4)[C@H](C)O3)[C@@H](O)[C@H](O)[C@@H](CO)O2)[C@@H](O)[C@H](O)[C@@H](C)O1)CCCCC,28.0,15.0,28.0,-3.6692999999999873,431.28000000000014,1193.3340000000007,82.0,82.0,82.0,BIOFACQUIM,BIOFACQUIM,No,No
140,FQNP321,Lasiodiplodin,O(C)c1c2C(=O)O[C@H](C)CCCCCCCc2cc(O)c1,4.0,1.0,1.0,3.842800000000003,55.76000000000001,292.3749999999999,21.0,21.0,21.0,BIOFACQUIM,BIOFACQUIM,No,No
141,FQNP323,Inosin,O=C1NC=Nc2n([C@H]3[C@H](O)[C@H](O)[C@@H](CO)O3)cnc12,8.0,4.0,2.0,-2.2688999999999995,133.49,268.22900000000004,19.0,19.0,19.0,BIOFACQUIM,BIOFACQUIM,No,No
142,FQNP322,p-Hydroxyphenylethanol,OCCc1ccc(O)cc1,2.0,2.0,2.0,0.927,40.46,138.16599999999997,10.0,10.0,10.0,BIOFACQUIM,BIOFACQUIM,No,No
143,FQNP324,Ergosterol,O[C@@H]1CC=2[C@@](C)([C@@H]3C([C@H]4[C@@](C)([C@@H]([C@@H](/C=C/[C@@H](C(C)C)C)C)CC4)CC3)=CC=2)CC1,1.0,1.0,4.0,7.330800000000008,20.23,396.65900000000033,29.0,29.0,29.0,BIOFACQUIM,BIOFACQUIM,No,No
144,FQNP247,Isoimperatorin,O(CC=C(C)C)c1c2c(occ2)cc2OC(=O)C=Cc12,4.0,0.0,3.0,3.8842000000000025,52.58000000000001,270.284,20.0,20.0,20.0,BIOFACQUIM,BIOFACQUIM,No,No
145,FQNP248,Osthol,O(C)c1c(CC=C(C)C)c2OC(=O)C=Cc2cc1,3.0,0.0,3.0,3.3103000000000016,39.44,244.29,18.0,18.0,18.0,BIOFACQUIM,BIOFACQUIM,No,No
146,FQNP249,8-methoxypsoralen,O(C)c1c2occc2cc2c1OC(=O)C=C2,4.0,0.0,1.0,2.5478000000000005,52.58000000000001,216.19199999999995,16.0,16.0,16.0,BIOFACQUIM,BIOFACQUIM,No,No
147,FQNP252,Umbelliferone,O=C1Oc2c(ccc(O)c2)C=C1,3.0,1.0,0.0,1.4986,50.44,162.14399999999995,12.0,12.0,12.0,BIOFACQUIM,BIOFACQUIM,No,No
148,FQNP253,Dihydroxypeucedanin,O(CC(O)C(O)(C)C)c1c2c(occ2)cc2OC(=O)C=Cc12,6.0,2.0,4.0,2.0497999999999994,93.04,304.298,22.0,22.0,22.0,BIOFACQUIM,BIOFACQUIM,No,No
149,FQNP254,5-methoxypsoralen,O(C)c1c2c(occ2)cc2OC(=O)C=Cc12,4.0,0.0,1.0,2.5478000000000005,52.58000000000001,216.19199999999995,16.0,16.0,16.0,BIOFACQUIM,BIOFACQUIM,No,No
150,FQNP255,Isoscopoletin,O(C)c1c(O)cc2c(OC(=O)C=C2)c1,4.0,1.0,1.0,1.5072,59.67,192.17,14.0,14.0,14.0,BIOFACQUIM,BIOFACQUIM,No,No
151,FQNP256,Scopoletin,O(C)c1c(O)cc2OC(=O)C=Cc2c1,4.0,1.0,1.0,1.5072,59.67,192.17,14.0,14.0,14.0,BIOFACQUIM,BIOFACQUIM,No,No
152,FQNP280,Erianthridin,O(C)c1c(OC)c2-c3c(cc(O)cc3)CCc2cc1O,4.0,2.0,2.0,2.8806000000000016,58.92,272.29999999999995,20.0,20.0,20.0,BIOFACQUIM,BIOFACQUIM,No,No
153,FQNP279,Fimbriol_A,O(C)c1c(OC)c2c3c(O)cccc3c(OC)cc2cc1OC,5.0,1.0,4.0,3.7330000000000028,57.15000000000001,314.3370000000001,23.0,23.0,23.0,BIOFACQUIM,BIOFACQUIM,No,No
154,FQNP278,DTB,O(C)c1c(OC)cc(CCc2cc(OC)c(O)cc2)cc1O,5.0,2.0,6.0,2.9088000000000016,68.15,304.342,22.0,22.0,22.0,BIOFACQUIM,BIOFACQUIM,No,No
155,FQNP276,Cyclobalanone,O=C1C(C)(C)C2[C@@]3([C@]4(C([C@@]5(C)[C@@](C)([C@@H]([C@@H](CCC(C(=C)C)(C)C)C)CC5)CC4)CC2)C3)CC1,1.0,0.0,5.0,9.013200000000003,17.07,452.7670000000005,33.0,33.0,33.0,BIOFACQUIM,BIOFACQUIM,No,No
156,FQNP275,LDD,O[C@@H]1C(C)(C)C2[C@@]3([C@]4(C([C@@]5(C)[C@@](C)([C@@H]([C@@H](CCC(C(=C)C)(C)C)C)CC5)CC4)CC2)C3)CC1,1.0,1.0,5.0,8.805000000000007,20.23,454.7830000000005,33.0,33.0,33.0,BIOFACQUIM,BIOFACQUIM,No,No
157,FQNP307,2_3-Dihydrorobustaflavone_5-methyl_ether,O(C)c1c2C(=O)CC(c3cc(-c4c(O)c5C(=O)C=C(c6ccc(O)cc6)Oc5cc4O)c(O)cc3)Oc2cc(O)c1,10.0,5.0,4.0,5.370100000000009,166.89,554.5070000000003,41.0,41.0,41.0,BIOFACQUIM,BIOFACQUIM,No,No
158,FQNP267,2-methoxybenzoic_acid,O=C(O)c1c(OC)cccc1,2.0,1.0,2.0,1.3934,46.53,152.149,11.0,11.0,11.0,BIOFACQUIM,BIOFACQUIM,No,No
159,FQNP266,6-Methoxysalicylic_acid,O=C(O)c1c(OC)cccc1O,3.0,2.0,2.0,1.0989999999999998,66.76,168.148,12.0,12.0,12.0,BIOFACQUIM,BIOFACQUIM,No,No
160,FQNP268,Taraxasteryl acetate,O=C(O[C@@H]1C(C)(C)[C@H]2[C@@](C)([C@@H]3[C@](C)([C@@]4(C)[C@@H]([C@H]5[C@H](C)C(=C)CC[C@]5(C)CC4)CC3)CC2)CC1)C,2.0,0.0,1.0,8.595600000000006,26.3,468.7660000000006,34.0,34.0,34.0,BIOFACQUIM,BIOFACQUIM,No,No
161,FQNP265,Epi-ursolic_acid,O=C(O)[C@@]12[C@@H]([C@@H](C)[C@H](C)CC1)C=1[C@](C)([C@@]3(C)[C@@H]([C@]4(C)[C@H]([C@](CO)(C)[C@H](O)CC4)CC3)CC=1)CC2,3.0,3.0,2.0,6.0619000000000085,77.76,472.7100000000004,34.0,34.0,34.0,BIOFACQUIM,BIOFACQUIM,No,No
162,FQNP259,Caffeic_acid,O=C(O)/C=C/c1cc(O)c(O)cc1,3.0,3.0,2.0,1.1956,77.76,180.15900000000002,13.0,13.0,13.0,BIOFACQUIM,BIOFACQUIM,No,No
163,FQNP263,4-hydroxycinnamic_acid,O=C(O)/C=C/c1ccc(O)cc1,2.0,2.0,2.0,1.49,57.53,164.16,12.0,12.0,12.0,BIOFACQUIM,BIOFACQUIM,No,No
164,FQNP261,Gallic_acid,O=C(O)c1cc(O)c(O)c(O)c1,4.0,4.0,1.0,0.5015999999999998,97.99,170.11999999999995,12.0,12.0,12.0,BIOFACQUIM,BIOFACQUIM,No,No
165,FQNP260,Methyl_gallate,O=C(OC)c1cc(O)c(O)c(O)c1,5.0,3.0,1.0,0.5899999999999996,86.99000000000002,184.14700000000002,13.0,13.0,13.0,BIOFACQUIM,BIOFACQUIM,No,No
166,FQNP258,Brazilin,Oc1c(O)cc2c([C@H]3[C@](O)(COc4c3ccc(O)c4)C2)c1,5.0,4.0,0.0,1.6148999999999996,90.15,286.283,21.0,21.0,21.0,BIOFACQUIM,BIOFACQUIM,No,No
167,FQNP257,Hematoxylin,Oc1c(O)ccc2[C@@H]3[C@](O)(COc12)Cc1c3cc(O)c(O)c1,6.0,5.0,0.0,1.3204999999999996,110.38,302.282,22.0,22.0,22.0,BIOFACQUIM,BIOFACQUIM,No,No
168,FQNP262,Phloroglucinol,Oc1cc(O)cc(O)c1,3.0,3.0,0.0,0.8033999999999999,60.69,126.11099999999996,9.0,9.0,9.0,BIOFACQUIM,BIOFACQUIM,No,No
169,FQNP447,(1S_4R_5S_6R_7S_8S_9R_10S)-1-Acetoxy-9-benzoyloxy-8-cinnamoyl-oxy-6-hydroxydihydro-b-agarofuran,O=C(O[C@@H]1[C@H](OC(=O)c2ccccc2)[C@]2(C)[C@@H](OC(=O)C)CC[C@@H](C)[C@]32[C@H](O)[C@@H]1C(C)(C)O3)/C=C/c1ccccc1,8.0,1.0,6.0,4.743400000000005,108.36,562.6590000000003,41.0,41.0,41.0,BIOFACQUIM,BIOFACQUIM,No,No
170,FQNP445,(1S_4S_5S_6R_7S_8S_9R_10S)-1-Acetoxy-9-benzoyloxy-8-cinnamoyl-oxy-4_6-dihydroxydihydro-b-agarofuran,O=C(O[C@@H]1[C@H](OC(=O)c2ccccc2)[C@]2(C)[C@@H](OC(=O)C)CC[C@@](O)(C)[C@]32[C@H](O)[C@@H]1C(C)(C)O3)/C=C/c1ccccc1,9.0,2.0,6.0,3.8583000000000034,128.59,578.6580000000004,42.0,42.0,42.0,BIOFACQUIM,BIOFACQUIM,No,No
171,FQNP446,(1S_4S_5S_6R_7R_8S_9R_10S)-1_6-Diacetoxy-9-benzoyloxy-8-cinnamoyloxy-4-hydroxydihydro-b-agarofuran,O=C(O[C@@H]1[C@H](OC(=O)c2ccccc2)[C@]2(C)[C@@H](OC(=O)C)CC[C@@](O)(C)[C@]32[C@H](OC(=O)C)[C@@H]1C(C)(C)O3)/C=C/c1ccccc1,10.0,1.0,7.0,4.4291000000000045,134.66,620.6950000000004,45.0,45.0,45.0,BIOFACQUIM,BIOFACQUIM,No,No
172,FQNP285,Malbrancheamide,Clc1c(Cl)cc2c([nH]c3C(C)(C)[C@H]4[C@@]5(NC(=O)[C@@]6(N(C5)CCC6)C4)Cc23)c1,2.0,2.0,0.0,4.031500000000003,48.13,404.3410000000004,27.0,27.0,27.0,BIOFACQUIM,BIOFACQUIM,No,No
173,FQNP286,Malbrancheamide_B,Clc1cc2[nH]c3C(C)(C)[C@H]4[C@@]5(NC(=O)[C@@]6(N(C5)CCC6)C4)Cc3c2cc1,2.0,2.0,0.0,3.3781000000000025,48.13,369.89600000000013,26.0,26.0,26.0,BIOFACQUIM,BIOFACQUIM,No,No
174,FQNP403,Hofmeisterin_II,O=C(CCC(=O)c1c(O)cc(C)cc1)c1c(O)cc(C)cc1,4.0,2.0,5.0,3.5604400000000016,74.60000000000002,298.33799999999997,22.0,22.0,22.0,BIOFACQUIM,BIOFACQUIM,No,No
175,FQNP406,Thymol_derivI,O=C(OCC(O)(CO)c1c(O)cc(C)cc1)/C(=C\C)/C,5.0,3.0,5.0,1.3899200000000005,86.99000000000002,280.32000000000005,20.0,20.0,20.0,BIOFACQUIM,BIOFACQUIM,No,No
176,FQNP405,Hofmeisterin_IV,O=C(OCC(O)(COC(=O)/C(=C\C)/C)c1c(O)cc(C)cc1)/C(=C\C)/C,6.0,2.0,7.0,2.907020000000001,93.06000000000002,362.42200000000014,26.0,26.0,26.0,BIOFACQUIM,BIOFACQUIM,No,No
177,FQNP409,Thymol_derivIV,O=C(OCC(O)(COC(=O)C)c1c(O)cc(C)cc1)/C(=C\C)/C,6.0,2.0,6.0,1.96072,93.06000000000002,322.357,23.0,23.0,23.0,BIOFACQUIM,BIOFACQUIM,No,No
178,FQNP404,Hofmeisterin_III,O=C(Oc1c(C(C)C)ccc(C)c1)/C(=C\C)/C,2.0,0.0,3.0,3.990020000000003,26.3,232.323,17.0,17.0,17.0,BIOFACQUIM,BIOFACQUIM,No,No
179,FQNP407,Thymol_derivII,O=C(Oc1c(C2(CO)OC2)ccc(C)c1)/C(=C\C)/C,4.0,1.0,4.0,2.08442,59.06,262.305,19.0,19.0,19.0,BIOFACQUIM,BIOFACQUIM,No,No
180,FQNP408,Thymol_derivIII,O=C(Oc1c(C2(COC(=O)C)OC2)ccc(C)c1)/C(=C\C)/C,5.0,0.0,5.0,2.655220000000001,65.13,304.3420000000001,22.0,22.0,22.0,BIOFACQUIM,BIOFACQUIM,No,No
181,FQNP402,Dimer_hofmeisterin,O[C@@]12c3c(OC1O[C@]1([C@@H](C)Oc4c1ccc(C)c4)CC2)cc(C)cc3,4.0,1.0,0.0,3.696340000000003,47.92,338.40300000000013,25.0,25.0,25.0,BIOFACQUIM,BIOFACQUIM,No,No
182,FQNP361,Gnaphaliin_A,O(C)c1c(O)cc(O)c2C(=O)C(OC)=C(c3ccccc3)Oc12,6.0,2.0,3.0,2.8884000000000007,89.13,314.293,23.0,23.0,23.0,BIOFACQUIM,BIOFACQUIM,No,No
183,FQNP362,Gnaphaliin_B,O(C)c1c(OC)cc(O)c2C(=O)C(O)=C(c3ccccc3)Oc12,6.0,2.0,3.0,2.8884000000000016,89.13,314.293,23.0,23.0,23.0,BIOFACQUIM,BIOFACQUIM,No,No
184,FQNP328,Pulpononic_acid,O=C(O)C[C@@]1(C)CC2[C@@]3(C)[C@@](C)(C4[C@](C)(C5[C@@](C)([C@@H](C)C(=O)CC5)CC4)CC3)CC[C@@]2(C)CC1,2.0,1.0,2.0,7.911800000000009,54.37,470.7380000000005,34.0,34.0,34.0,BIOFACQUIM,BIOFACQUIM,No,No
185,FQNP326,Friedelin,O=C1[C@H](C)[C@]2(C)C([C@@]3(C)C([C@]4(C)[C@](C)(C5[C@@](C)(CC4)CCC(C)(C)C5)CC3)CC2)CC1,1.0,0.0,0.0,8.457000000000006,17.07,426.72900000000055,31.0,31.0,31.0,BIOFACQUIM,BIOFACQUIM,No,No
186,FQNP329,3-oxo-29-hydroxyfriedelane,O=C1[C@H](C)[C@]2(C)C([C@@]3(C)C([C@]4(C)[C@](C)(C5[C@@](C)(CC4)CC[C@](CCO)(C)C5)CC3)CC2)CC1,2.0,1.0,2.0,7.819500000000009,37.3,456.7550000000005,33.0,33.0,33.0,BIOFACQUIM,BIOFACQUIM,No,No
187,FQNP327,Canophyllol,O=C1[C@H](C)[C@]2(C)C([C@@]3(C)C([C@]4(C)[C@](C)(C5[C@@](CO)(CC4)CCC(C)(C)C5)CC3)CC2)CC1,2.0,1.0,1.0,7.429400000000008,37.3,442.7280000000005,32.0,32.0,32.0,BIOFACQUIM,BIOFACQUIM,No,No
188,FQNP325,Epifriedelinol,O[C@@H]1[C@H](C)[C@]2(C)C([C@@]3(C)C([C@]4(C)[C@](C)(C5[C@@](C)(CC4)CCC(C)(C)C5)CC3)CC2)CC1,1.0,1.0,0.0,8.248800000000008,20.23,428.7450000000005,31.0,31.0,31.0,BIOFACQUIM,BIOFACQUIM,No,No
189,FQNP145,Hofmeisterin_III,O=C(Oc1c(C(C)C)ccc(C)c1)/C=C\C,2.0,0.0,3.0,3.5999200000000027,26.3,218.296,16.0,16.0,16.0,BIOFACQUIM,BIOFACQUIM,No,No
190,FQNP147,8_9-epoxy-10-acetoxythymyl_angelate,O=C(Oc1c(C2(C(=O)C)OC2)ccc(C)c1)/C(=C\C)/C,4.0,0.0,4.0,2.681120000000001,55.90000000000001,274.31600000000003,20.0,20.0,20.0,BIOFACQUIM,BIOFACQUIM,No,No
191,FQNP146,Thymol,Oc1c(C(C)C)ccc(C)c1,1.0,1.0,1.0,2.8240200000000013,20.23,150.22099999999998,11.0,11.0,11.0,BIOFACQUIM,BIOFACQUIM,No,No
192,FQNP141,Masticadienonic_acid,O=C(O)/C(=C\CC[C@@H](C)[C@H]1[C@@]2(C)[C@@](C)(C=3[C@@H]([C@]4(C)C(C(C)(C)C(=O)CC4)CC=3)CC2)CC1)/C,2.0,1.0,5.0,7.60790000000001,54.37,454.69500000000056,33.0,33.0,33.0,BIOFACQUIM,BIOFACQUIM,No,No
193,FQNP142,3a-hydroxymasticadienoic_acid,O=C(O)/C(=C\CC[C@@H](C)[C@H]1[C@@]2(C)[C@@](C)(C=3[C@@H]([C@]4(C)C(C(C)(C)[C@H](O)CC4)CC=3)CC2)CC1)/C,2.0,2.0,5.0,7.39970000000001,57.53,456.71100000000035,33.0,33.0,33.0,BIOFACQUIM,BIOFACQUIM,No,No
194,FQNP143,b-amyrin,O[C@@H]1C(C)(C)[C@H]2[C@@](C)([C@@H]3[C@](C)([C@@]4(C)C([C@H]5[C@@](C)(CC4)CCC(C)(C)C5)=CC3)CC2)CC1,1.0,1.0,0.0,8.168900000000008,20.23,426.7290000000004,31.0,31.0,31.0,BIOFACQUIM,BIOFACQUIM,No,No
195,FQNP144,b-sitosterol,O[C@@H]1CC=2[C@@](C)([C@@H]3[C@H]([C@H]4[C@@](C)([C@@H]([C@@H](CC[C@H](C(C)C)CC)C)CC4)CC3)CC=2)CC1,1.0,1.0,6.0,8.02480000000001,20.23,414.71800000000036,30.0,30.0,30.0,BIOFACQUIM,BIOFACQUIM,No,No
196,FQNP172,Myristicin,O(C)c1c2OCOc2cc(CC=C)c1,3.0,0.0,3.0,2.1524,27.69,192.214,14.0,14.0,14.0,BIOFACQUIM,BIOFACQUIM,No,No
197,FQNP173,Ferulic_acid,O=C(O)/C=C/c1cc(OC)c(O)cc1,3.0,2.0,3.0,1.4986,66.76,194.18599999999998,14.0,14.0,14.0,BIOFACQUIM,BIOFACQUIM,No,No
198,FQNP169,(Z)-6_6'_7_3'a-diligustilide,O=C1O/C(=C/CCC)/C2=C1C1[C@H]([C@H]3C=C4C(=O)O/C(=C\CCC)/[C@@]14CC3)CC2,4.0,0.0,4.0,5.127200000000005,52.60000000000001,380.4840000000003,28.0,28.0,28.0,BIOFACQUIM,BIOFACQUIM,No,No
199,FQNP170,(Z)-ligustilide,O=C1O/C(=C/CCC)/C2=C1C=CCC2,2.0,0.0,2.0,2.873800000000001,26.3,190.242,14.0,14.0,14.0,BIOFACQUIM,BIOFACQUIM,No,No
200,FQNP171,(Z)-3-butylidenephthalide,O=C1O/C(=C/CCC)/c2c1cccc2,2.0,0.0,2.0,2.998000000000001,26.3,188.226,14.0,14.0,14.0,BIOFACQUIM,BIOFACQUIM,No,No
201,FQNP152,Masticadienonic_acid,O=C(O)/C(=C/CC[C@H](C)[C@H]1[C@@]2(C)[C@@](C)(C=3C([C@]4(C)C(C(C)(C)C(=O)CC4)CC=3)CC2)CC1)/C,2.0,1.0,5.0,7.60790000000001,54.37,454.69500000000056,33.0,33.0,33.0,BIOFACQUIM,BIOFACQUIM,No,No
202,FQNP153,3a-hydroxymasticadienoic_acid,O=C(O)/C(=C/CC[C@H](C)[C@H]1[C@@]2(C)[C@@](C)(C=3C([C@]4(C)C(C(C)(C)[C@H](O)CC4)CC=3)CC2)CC1)/C,2.0,2.0,5.0,7.39970000000001,57.53,456.71100000000035,33.0,33.0,33.0,BIOFACQUIM,BIOFACQUIM,No,No
203,FQNP154,3-epioleanolic_acid,O=C(O)[C@]12C(C=3[C@](C)([C@@]4(C)C([C@]5(C)C(C(C)(C)[C@H](O)CC5)CC4)CC=3)CC1)CC(C)(C)CC2,2.0,2.0,1.0,7.233600000000008,57.53,456.7110000000005,33.0,33.0,33.0,BIOFACQUIM,BIOFACQUIM,No,No
204,FQNP149,6-[8'Z-pentadecenyl]_salicylic_acid,O=C(O)c1c(O)cccc1CCCCCCC/C=C\CCCCCC,2.0,2.0,14.0,6.500100000000006,57.53,346.51100000000014,25.0,25.0,25.0,BIOFACQUIM,BIOFACQUIM,No,No
205,FQNP151,6-pentadecyl_salicylic_acid,O=C(O)c1c(O)cccc1CCCCCCCCCCCCCCC,2.0,2.0,15.0,6.724100000000006,57.53,348.52700000000016,25.0,25.0,25.0,BIOFACQUIM,BIOFACQUIM,No,No
206,FQNP148,6-[16'Z-nonadecenyl]_salicylic_acid,O=C(O)c1c(O)cccc1CCCCCCCCCCCCCCC/C=C\CC,2.0,2.0,18.0,8.060500000000006,57.53,402.61900000000026,29.0,29.0,29.0,BIOFACQUIM,BIOFACQUIM,No,No
207,FQNP150,6-nonadecyl_salicylic_acid,O=C(O)c1c(O)cccc1CCCCCCCCCCCCCCCCCCC,2.0,2.0,19.0,8.284500000000005,57.53,404.63500000000033,29.0,29.0,29.0,BIOFACQUIM,BIOFACQUIM,No,No
208,FQNP140,Vitexin,O=C1c2c(O)cc(O)c([C@H]3[C@H](O)[C@@H](O)[C@H](O)[C@@H](CO)O3)c2OC(c2ccc(O)cc2)=C1,10.0,7.0,3.0,0.09169999999999984,181.05,432.38100000000014,31.0,31.0,31.0,BIOFACQUIM,BIOFACQUIM,No,No
209,FQNP139,Kaempferitrin,O([C@H]1[C@H](O)[C@H](O)[C@@H](O)[C@H](C)O1)c1cc(O)c2C(=O)C(O[C@H]3[C@H](O)[C@H](O)[C@@H](O)[C@H](C)O3)=C(c3ccc(O)cc3)Oc2c1,14.0,8.0,5.0,-0.7162000000000004,228.97,578.5230000000003,41.0,41.0,41.0,BIOFACQUIM,BIOFACQUIM,No,No
210,FQNP184,Epineoadenostylone,O=C(O[C@@H]1[C@]2(C)[C@@H](C)CCC=C2C(=O)c2occ(C)c12)/C(=C\C)/C,4.0,0.0,2.0,4.697420000000005,56.51000000000001,328.40800000000013,24.0,24.0,24.0,BIOFACQUIM,BIOFACQUIM,No,No
211,FQNP183,6-(2-a-methylbutanoyloxy)-9-oxo-1(10)-furanoeremophilene,O=C(O[C@@H]1[C@]2(C)[C@@H](C)CCC=C2C(=O)c2occ(C)c12)[C@H](CC)C,4.0,0.0,3.0,4.777320000000004,56.51000000000001,330.4240000000001,24.0,24.0,24.0,BIOFACQUIM,BIOFACQUIM,No,No
212,FQNP182,Neoadenostylone,O=C(O[C@H]1[C@]2(C)[C@@H](C)CCC=C2C(=O)c2occ(C)c12)/C(=C\C)/C,4.0,0.0,2.0,4.697420000000005,56.51000000000001,328.40800000000013,24.0,24.0,24.0,BIOFACQUIM,BIOFACQUIM,No,No
213,FQNP186,2-hydroxyneoadenostylone,O=C(O[C@H]1[C@]2(C)[C@@H](C)C[C@@H](O)C=C2C(=O)c2occc12)/C(=C\C)/C,5.0,1.0,2.0,3.3598000000000026,76.74000000000002,330.3800000000001,24.0,24.0,24.0,BIOFACQUIM,BIOFACQUIM,No,No
214,FQNP185,Epicacalone,O=C1c2occ(C)c2[C@](O)(C)C=2[C@@H](C)CCCC1=2,3.0,1.0,0.0,3.108420000000001,50.44,246.30599999999995,18.0,18.0,18.0,BIOFACQUIM,BIOFACQUIM,No,No
215,FQNP165,Isorhamnetin,O(C)c1c(O)ccc(C2=C(O)C(=O)c3c(O)cc(O)cc3O2)c1,7.0,4.0,2.0,2.2910000000000004,120.36,316.265,23.0,23.0,23.0,BIOFACQUIM,BIOFACQUIM,No,No
216,FQNP164,Genkwanin,O(C)c1cc(O)c2C(=O)C=C(c3ccc(O)cc3)Oc2c1,5.0,2.0,2.0,2.8798000000000004,79.9,284.26700000000005,21.0,21.0,21.0,BIOFACQUIM,BIOFACQUIM,No,No
217,FQNP159,6-acetyl-5-hydroxy-2_2-dimethyl-2H-chromene,O=C(C)c1c(O)c2c(OC(C)(C)C=C2)cc1,3.0,1.0,1.0,2.7790000000000012,46.53,218.252,16.0,16.0,16.0,BIOFACQUIM,BIOFACQUIM,No,No
218,FQNP160,6-Acetoxyacetyl-5-hydroxy-2_2-dimethyl-2H-chromene,O=C(CO)c1c(O)c2c(OC(C)(C)C=C2)cc1,4.0,2.0,2.0,1.7513999999999998,66.76,234.25099999999998,17.0,17.0,17.0,BIOFACQUIM,BIOFACQUIM,No,No
219,FQNP162,Calein_C,O=C(O[C@@H]1[C@@H](OC(=O)C)[C@](O)(C)C(=O)/C=C\[C@H](C)C[C@H]2OC(=O)C(=C)[C@H]12)/C(=C/C)/C,8.0,1.0,3.0,1.8099999999999996,116.20000000000002,420.45800000000025,30.0,30.0,30.0,BIOFACQUIM,BIOFACQUIM,No,No
220,FQNP161,Calein_B,O=C(O[C@@H]1[C@@H](OC(=O)C)[C@](O)(C)C(=O)/C=C\[C@H](C)C[C@H]2OC(=O)C(=C)[C@H]12)/C(=C\C)/C,8.0,1.0,3.0,1.8099999999999996,116.20000000000002,420.45800000000025,30.0,30.0,30.0,BIOFACQUIM,BIOFACQUIM,No,No
221,FQNP168,3_5-di-O-caffeoylquinic_acid,O=C(O[C@H]1C(O)[C@H](OC(=O)/C=C/c2cc(O)c(O)cc2)CC(O)(C(=O)O)C1)/C=C/c1cc(O)c(O)cc1,11.0,7.0,7.0,1.0295999999999994,211.28,516.4550000000003,37.0,37.0,37.0,BIOFACQUIM,BIOFACQUIM,No,No
222,FQNP167,Quercetin,O=C1C(O)=C(c2cc(O)c(O)cc2)Oc2c1c(O)cc(O)c2,7.0,5.0,1.0,1.988,131.36,302.238,22.0,22.0,22.0,BIOFACQUIM,BIOFACQUIM,No,No
223,FQNP166,Kaempferol,O=C1C(O)=C(c2ccc(O)cc2)Oc2c1c(O)cc(O)c2,6.0,4.0,1.0,2.2824,111.13,286.2390000000001,21.0,21.0,21.0,BIOFACQUIM,BIOFACQUIM,No,No
224,FQNP179,Albinosinic_acid_A,O=C(O)CCCCCCCCC[C@@H](O[C@H]1[C@H](O[C@@H]2[C@@H](O[C@H]3[C@H](O)[C@H](O)[C@@H](O)[C@H](C)O3)[C@H](O)[C@@H](O)[C@H](CO[C@H]3[C@H](O[C@H]4[C@H](O)[C@H](O)[C@@H](O)[C@H](C)O4)[C@@H](O)[C@H](O)[C@@H](C)O3)O2)[C@@H](O)[C@H](O)[C@@H](C)O1)CCC,23.0,13.0,23.0,-3.0256999999999783,372.36000000000007,991.0840000000003,68.0,68.0,68.0,BIOFACQUIM,BIOFACQUIM,No,No
225,FQNP180,Albinosinic_acid_B,O=C(O)CCCCCCCCC[C@@H](O[C@H]1[C@H](O[C@]2(O)[C@@H](O)[C@H](O[C@H]3[C@H](O[C@H]4[C@H](O)[C@H](O)[C@@H](O)[C@H](C)O4)[C@H](O[C@H]4[C@H](O)[C@H](O)[C@@H](O)[C@H](C)O4)[C@H](O)[C@@H](C)O3)[C@@H](C)CO2)[C@@H](O)[C@H](O)[C@@H](C)O1)CCC,22.0,12.0,22.0,-1.7913999999999797,352.13000000000005,975.0850000000003,67.0,67.0,67.0,BIOFACQUIM,BIOFACQUIM,No,No
226,FQNP245,b-caryophyllene,C=C1C2C(C(C)(C)C2)CCC(C)=CCC1,0.0,0.0,0.0,4.7252000000000045,0.0,204.357,15.0,15.0,15.0,BIOFACQUIM,BIOFACQUIM,No,No
227,FQNP246,Caryophyllene_oxide,C=C1C2C(C(C)(C)C2)CCC2(C)OC2CC1,1.0,0.0,0.0,3.936400000000004,12.53,220.356,16.0,16.0,16.0,BIOFACQUIM,BIOFACQUIM,No,No
228,FQNP137, 5-O-[b-D-apiofuranosyl-(1-6)-b-D-glucopyranosyl]-7-methoxy-30_40-dihydroxy-4-phenylcoumarin,O(C[C@@H]1[C@@H](O)[C@H](O)[C@@H](O)[C@H](Oc2c3C(c4cc(O)c(O)cc4)=CC(=O)Oc3cc(OC)c2)O1)[C@H]1[C@H](O)[C@@](O)(CO)CO1,15.0,8.0,8.0,-1.4765999999999997,238.19999999999996,594.5220000000003,42.0,42.0,42.0,BIOFACQUIM,BIOFACQUIM,No,No
229,FQNP138,Chlorogenic_acid,O=C(O[C@H]1[C@H](O)[C@H](O)C[C@@](O)(C(=O)O)C1)/C=C/c1cc(O)c(O)cc1,8.0,6.0,4.0,-0.6459000000000009,164.75,354.3110000000001,25.0,25.0,25.0,BIOFACQUIM,BIOFACQUIM,No,No
230,FQNP158,Brevipolides_J,O([C@H](C(=O)[C@@H]1[C@@H]([C@H](O)[C@@H]2OC(=O)C=CC2)C1)C)C(=O)/C=C/c1cc(O)c(OC)cc1,8.0,2.0,8.0,1.7834999999999992,119.36,416.42600000000016,30.0,30.0,30.0,BIOFACQUIM,BIOFACQUIM,No,No
231,FQNP155,Brevipolides_G,O([C@H](C(=O)[C@@H]1[C@@H]([C@H](O)[C@@H]2OC(=O)C=CC2)C1)C)C(=O)/C=C/c1ccc(O)cc1,7.0,2.0,7.0,1.7748999999999993,110.13,386.4,28.0,28.0,28.0,BIOFACQUIM,BIOFACQUIM,No,No
232,FQNP156,Brevipolides_H,O([C@H](C(=O)[C@@H]1[C@@H]([C@H](O)[C@@H]2OC(=O)C=CC2)C1)C)C(=O)/C=C/c1ccc(OC)cc1,7.0,1.0,8.0,2.0779,99.13,400.42700000000013,29.0,29.0,29.0,BIOFACQUIM,BIOFACQUIM,No,No
233,FQNP157,Brevipolides_I,O([C@H](C(=O)[C@@H]1[C@@H]([C@H](O)[C@@H]2OC(=O)C=CC2)C1)C)C(=O)/C=C\c1cc(O)ccc1,7.0,2.0,7.0,1.7748999999999993,110.13,386.4,28.0,28.0,28.0,BIOFACQUIM,BIOFACQUIM,No,No
234,FQNP175,Acremonidin_A,O=C(O[C@H]1c2c(c(O)cc(C)c2)C(O)=C2C(=O)[C@@H]3c4c(O)c(C(=O)c5c(C(=O)OC)c(O)ccc5O)c(O)cc4C[C@]12C=C3)C,12.0,6.0,4.0,3.8927200000000015,208.12,614.5590000000002,45.0,45.0,45.0,BIOFACQUIM,BIOFACQUIM,No,No
235,FQNP174,Acremoxanthone_C,O=C(O[C@H]1c2c(c(O)cc(C)c2)C(O)=C2C(=O)[C@@H]3c4c5O[C@@]6(C(=O)OC)[C@H](O)C=CC(O)=C6C(=O)c5c(O)cc4C[C@]12C=C3)C,12.0,5.0,2.0,2.988020000000001,197.12,614.5590000000002,45.0,45.0,45.0,BIOFACQUIM,BIOFACQUIM,No,No
236,FQNP187,Corymbiferone_C,O(C)c1c2C(=O)OC=C3C(OC)=CC(=O)c(c(C)c1)c23,5.0,0.0,2.0,2.29362,65.74000000000001,272.256,20.0,20.0,20.0,BIOFACQUIM,BIOFACQUIM,No,No
237,FQNP188,Corymbiferan_lactone_E,O(C)c1c2c(C)cc(OC)c3C(=O)OC(OC)c(c(O)c1)c23,6.0,1.0,3.0,2.6864200000000014,74.22000000000001,304.298,22.0,22.0,22.0,BIOFACQUIM,BIOFACQUIM,No,No
238,FQNP192,Brocaenol_B,O=C(OC)[C@@]12C(=O)C(C)=COC(OC)=C1C(=O)c1c(O)cccc1O2,8.0,1.0,2.0,1.2401999999999995,108.36,346.29100000000005,25.0,25.0,25.0,BIOFACQUIM,BIOFACQUIM,No,No
239,FQNP191,Ziganein,O=C1c2c(O)cccc2C(=O)c2c(O)cc(C)cc12,4.0,2.0,0.0,2.18162,74.6,254.241,19.0,19.0,19.0,BIOFACQUIM,BIOFACQUIM,No,No
240,FQNP135,Thielavin-J,O=C(Oc1c(C)c(O)c(C(=O)O)c(C)c1)c1c(OC)c(C)c(OC(=O)c2c(O)c(C)c(O)cc2C)c(C)c1C,9.0,4.0,6.0,5.107540000000004,159.82,538.5490000000003,39.0,39.0,39.0,BIOFACQUIM,BIOFACQUIM,No,No
241,FQNP134,Thielavin-A,O=C(Oc1c(C)c(O)c(C(=O)O)c(C)c1C)c1c(O)c(C)c(OC(=O)c2c(O)c(C)c(O)cc2C)c(C)c1C,9.0,5.0,5.0,5.112960000000005,170.82,538.5490000000003,39.0,39.0,39.0,BIOFACQUIM,BIOFACQUIM,No,No
242,FQNP136,Thielavin-K,O=C(Oc1c(C)c(O)c(C(=O)O)c(C)c1C)c1c(OC)c(C)c(OC(=O)c2c(O)c(C)c(O)cc2C)c(C)c1C,9.0,4.0,6.0,5.415960000000006,159.82,552.5760000000001,40.0,40.0,40.0,BIOFACQUIM,BIOFACQUIM,No,No
243,FQNP126,1_5_7-trimethoxy-9_10-dihydrophenanthrene-2_6-diol,O(C)c1c(O)c(OC)cc2c1-c1c(c(OC)c(O)cc1)CC2,5.0,2.0,3.0,2.8892000000000007,68.15,302.32599999999996,22.0,22.0,22.0,BIOFACQUIM,BIOFACQUIM,No,No
244,FQNP127,Confusarin,O(C)c1c(O)c(OC)cc2c1c1c(c(OC)c(O)cc1)cc2,5.0,2.0,3.0,3.430000000000001,68.15,300.30999999999995,22.0,22.0,22.0,BIOFACQUIM,BIOFACQUIM,No,No
245,FQNP128,Ephemeranthol_B,O(C)c1c(O)c(OC)cc2c1c1c(cc(O)cc1)cc2,4.0,2.0,2.0,3.421400000000002,58.92,270.284,20.0,20.0,20.0,BIOFACQUIM,BIOFACQUIM,No,No
246,FQNP129,Gigantol,O(C)c1c(O)ccc(CCc2cc(OC)cc(O)c2)c1,4.0,2.0,5.0,2.9002000000000008,58.92,274.316,20.0,20.0,20.0,BIOFACQUIM,BIOFACQUIM,No,No
247,FQNP130,Batatasin_III,O(C)c1cc(O)cc(CCc2cc(O)ccc2)c1,3.0,2.0,4.0,2.8916000000000013,49.69,244.29,18.0,18.0,18.0,BIOFACQUIM,BIOFACQUIM,No,No
248,FQNP124,4-methoxy-benzyl_alcohol,O(C)c1ccc(CO)cc1,2.0,1.0,2.0,1.1874999999999998,29.46,138.166,10.0,10.0,10.0,BIOFACQUIM,BIOFACQUIM,No,No
249,FQNP121,n-hexacosyl-trans-p-coumarate,O=C(OCCCCCCCCCCCCCCCCCCCCCCCCCC)/C=C/c1ccc(O)cc1,3.0,1.0,27.0,11.330899999999987,46.53,528.8620000000004,38.0,38.0,38.0,BIOFACQUIM,BIOFACQUIM,No,No
250,FQNP122,n-octacosyl-trans-p-coumarate,O=C(OCCCCCCCCCCCCCCCCCCCCCCCCCCCC)/C=C/c1ccc(O)cc1,3.0,1.0,29.0,12.111099999999983,46.53,556.9160000000005,40.0,40.0,40.0,BIOFACQUIM,BIOFACQUIM,No,No
251,FQNP123,n-triacontyl-trans-p-coumarate,O=C(OCCCCCCCCCCCCCCCCCCCCCCCCCCCCCC)/C=C/c1ccc(O)cc1,3.0,1.0,31.0,12.891299999999976,46.53,584.9700000000006,42.0,42.0,42.0,BIOFACQUIM,BIOFACQUIM,No,No
252,FQNP125,4-hydroxybenzaldehyde,O=Cc1ccc(O)cc1,2.0,1.0,1.0,1.2047,37.3,122.12299999999996,9.0,9.0,9.0,BIOFACQUIM,BIOFACQUIM,No,No
253,FQNP113,Jaceosidin,O(C)c1c(O)c2C(=O)C=C(c3cc(OC)c(O)cc3)Oc2cc1O,7.0,3.0,3.0,2.5940000000000007,109.36,330.2920000000001,24.0,24.0,24.0,BIOFACQUIM,BIOFACQUIM,No,No
254,FQNP112,Eupalitin,O(C)c1c(O)c2C(=O)C=C(c3cc(OC)c(OC)cc3)Oc2cc1O,7.0,2.0,4.0,2.8970000000000016,98.36,344.319,25.0,25.0,25.0,BIOFACQUIM,BIOFACQUIM,No,No
255,FQNP115,Salvinine,O=C(/C=C/C(O)(C)C)C(CCCC(O)(C=C)C)C,3.0,2.0,8.0,2.626000000000001,57.53,254.36999999999995,18.0,18.0,18.0,BIOFACQUIM,BIOFACQUIM,No,No
256,FQNP116,3_5-dicaffeoylquinic_acid,O=C(O[C@H]1C(O)[C@H](OC(=O)/C=C/c2cc(O)c(O)cc2)CC(O)(C(=O)OC)C1)/C=C/c1cc(O)c(O)cc1,12.0,6.0,7.0,1.1179999999999994,200.28,530.4820000000003,38.0,38.0,38.0,BIOFACQUIM,BIOFACQUIM,No,No
257,FQNP114,Arglanin,O=C1C(=C)C2[C@@H](O1)[C@@H]1[C@](O)(C)C=CC(=O)[C@@]1(C)CC2,4.0,1.0,0.0,1.3904,63.6,262.305,19.0,19.0,19.0,BIOFACQUIM,BIOFACQUIM,No,No
258,FQNP224,5-O-[b-D-xylopyranosyl-(1->6)-b-D-glucopyranosyl]-7_3'_4'-trihydroxy-4-phenylcoumarin,O(C[C@@H]1[C@@H](O)[C@H](O)[C@@H](O)[C@H](Oc2c3C(c4cc(O)c(O)cc4)=CC(=O)Oc3cc(O)c2)O1)[C@H]1[C@H](O)[C@@H](O)[C@H](O)CO1,15.0,9.0,6.0,-1.7812,249.19999999999996,580.4950000000002,41.0,41.0,41.0,BIOFACQUIM,BIOFACQUIM,No,No
259,FQNP226,4-phenylcoumarin_4,O(C[C@@H]1[C@@H](O)[C@H](O)[C@@H](O)[C@H](Oc2c3C(c4cc(O)c(O)cc4)=CC(=O)Oc3cc(OC)c2)O1)[C@H]1[C@H](O)[C@@H](O)[C@H](O)CO1,15.0,8.0,7.0,-1.4781999999999995,238.19999999999996,594.5220000000004,42.0,42.0,42.0,BIOFACQUIM,BIOFACQUIM,No,No
260,FQNP225,4-phenylcoumarin_3,O(Oc1c2C(c3cc(O)c(O)cc3)=CC(=O)Oc2cc(O)c1)[C@H]1[C@H](O)[C@@H](O)[C@H](O)CO1,11.0,6.0,4.0,0.32620000000000043,179.27999999999997,434.3530000000002,31.0,31.0,31.0,BIOFACQUIM,BIOFACQUIM,No,No
261,FQNP227,4-phenylcoumarin_5,O(Oc1c2C(c3cc(O)c(O)cc3)=CC(=O)Oc2cc(OC)c1)[C@@H]1[C@H](O)[C@@H](O)[C@@H](CO)CO1,11.0,5.0,6.0,0.8768000000000002,168.28,462.40700000000015,33.0,33.0,33.0,BIOFACQUIM,BIOFACQUIM,No,No
262,FQNP228,4-phenylcoumarin_6,O(Oc1c2C(c3cc(O)c(O)cc3)=CC(=O)Oc2cc(OC)c1)[C@H]1[C@H](O)[C@@H](O)[C@H](O)CO1,11.0,5.0,5.0,0.6292000000000002,168.28,448.38000000000017,32.0,32.0,32.0,BIOFACQUIM,BIOFACQUIM,No,No
263,FQNP108,Pachyrhizine,O(C)c1c(C=2C(=O)Oc3c(cc4c(occ4)c3)C=2)cc2OCOc2c1,6.0,0.0,2.0,3.943500000000003,71.04,336.2990000000001,25.0,25.0,25.0,BIOFACQUIM,BIOFACQUIM,No,No
264,FQNP105,Rotenone,O(C)c1c(OC)cc2[C@@H]3C(=O)c4c(O[C@@H]3COc2c1)c1c(O[C@@H](C(=C)C)C1)cc4,6.0,0.0,3.0,3.703300000000002,63.22000000000001,394.4230000000002,29.0,29.0,29.0,BIOFACQUIM,BIOFACQUIM,No,No
265,FQNP107,12a-hydroxypachyrhizone,O(C)c1c2occc2cc2C(=O)[C@]3(O)[C@@H](Oc12)COc1c3cc2OCOc2c1,8.0,1.0,1.0,2.394,96.59000000000002,382.3240000000001,28.0,28.0,28.0,BIOFACQUIM,BIOFACQUIM,No,No
266,FQNP106,Dolineone,O=C1[C@H]2[C@@H](Oc3c1cc1c(occ1)c3)COc1c2cc2OCOc2c1,6.0,0.0,0.0,3.281400000000001,67.13000000000001,336.2990000000001,25.0,25.0,25.0,BIOFACQUIM,BIOFACQUIM,No,No
267,FQNP101,(R)-7-hydroxy-3-((S)-1-hydroxy-ethyl)-5-methoxy-3_4-dimethylisobenzofuran-1(3H)-one,O(C)c1c(C)c2[C@@]([C@@H](O)C)(C)OC(=O)c2c(O)c1,5.0,2.0,2.0,1.4756199999999997,75.99,252.266,18.0,18.0,18.0,BIOFACQUIM,BIOFACQUIM,No,No
268,FQNP98,Clearanol_C,O(C)c1c(C)c2[C@H](C)C(=C)OC(=O)c2c(O)c1,4.0,1.0,1.0,2.4968200000000005,55.76000000000001,234.25099999999995,17.0,17.0,17.0,BIOFACQUIM,BIOFACQUIM,No,No
269,FQNP97,(R)-3_4-dihydro-4_8-dihydroxy-6-methoxy-4_5-dimethyl-3-methyleneisochromen-1-one,O(C)c1c(C)c2[C@](O)(C)C(=C)OC(=O)c2c(O)c1,5.0,2.0,1.0,1.6008200000000001,75.99,250.24999999999997,18.0,18.0,18.0,BIOFACQUIM,BIOFACQUIM,No,No
270,FQNP99,Clearanol_F,O(C)c1c(C)c2[C@](O)(C)[C@H](CO)OC(=O)c2c(O)c1,6.0,3.0,2.0,0.4480199999999999,96.22,268.265,19.0,19.0,19.0,BIOFACQUIM,BIOFACQUIM,No,No
271,FQNP100,Clearanol_G,O(C)c1c(CO)c2[C@](O)(C)C(=C)OC(=O)c2c(O)c1,6.0,3.0,2.0,0.7846999999999997,96.22,266.2489999999999,19.0,19.0,19.0,BIOFACQUIM,BIOFACQUIM,No,No
272,FQNP96,(R)-3_4-dihydro-4_6_8-trihydroxy-4_5-dimethyl-3-methyleneisochromen-1-one,O=C1OC(=C)[C@@](O)(C)c2c(C)c(O)cc(O)c12,5.0,3.0,0.0,1.2978199999999998,86.99000000000002,236.223,17.0,17.0,17.0,BIOFACQUIM,BIOFACQUIM,No,No
273,FQNP104,Radinaphthalenone,O=C1c2c(C)c(O)cc(O)c2C(=O)CC1,4.0,2.0,0.0,1.56542,74.6,206.19699999999997,15.0,15.0,15.0,BIOFACQUIM,BIOFACQUIM,No,No
274,FQNP102,Isosclerone,O=C1c2c(O)cccc2[C@@H](O)CC1,3.0,2.0,0.0,1.4021,57.53,178.18699999999995,13.0,13.0,13.0,BIOFACQUIM,BIOFACQUIM,No,No
275,FQNP133,Chaetomin,O=C1N(C)[C@]2(Cc3c4c(n([C@@]56[C@@H](N7C(=O)[C@@]8(CO)N(C)C(=O)[C@@]7(SS8)C5)Nc5c6cccc5)c3)cccc4)C(=O)N(C)[C@@]1(CO)SS2,12.0,3.0,5.0,1.8734999999999995,138.66,710.8850000000001,47.0,47.0,47.0,BIOFACQUIM,BIOFACQUIM,No,No
276,FQNP132,Paquipodol,O(C)c1c(O)ccc(C2=C(OC)C(=O)c3c(O)cc(OC)cc3O2)c1,7.0,2.0,4.0,2.897000000000001,98.36,344.31900000000013,25.0,25.0,25.0,BIOFACQUIM,BIOFACQUIM,No,No
277,FQNP131,Retusin,O(C)c1c(OC)ccc(C2=C(OC)C(=O)c3c(O)cc(OC)cc3O2)c1,7.0,1.0,5.0,3.200000000000002,87.36000000000001,358.34600000000006,26.0,26.0,26.0,BIOFACQUIM,BIOFACQUIM,No,No
278,FQNP110,Diosmetin,O(C)c1c(O)cc(C=2Oc3c(c(O)cc(O)c3)C(=O)C=2)cc1,6.0,3.0,2.0,2.585400000000001,100.13,300.26599999999996,22.0,22.0,22.0,BIOFACQUIM,BIOFACQUIM,No,No
279,FQNP109,Acacetin,O(C)c1ccc(C=2Oc3c(c(O)cc(O)c3)C(=O)C=2)cc1,5.0,2.0,2.0,2.879800000000001,79.9,284.267,21.0,21.0,21.0,BIOFACQUIM,BIOFACQUIM,No,No
280,FQNP120,Trehalose,O([C@@H]1[C@H](O)[C@@H](O)[C@H](O)[C@@H](CO)O1)[C@@H]1[C@H](O)[C@@H](O)[C@H](O)[C@@H](CO)O1,11.0,8.0,4.0,-5.397199999999993,189.53,342.29700000000014,23.0,23.0,23.0,BIOFACQUIM,BIOFACQUIM,No,No
281,FQNP119,(S)-2_3-dihydrorobustaflavone,O=C1c2c(O)c(c(O)cc2OC(c2ccc(O)cc2)=C1)-c1c(O)ccc(C2Oc3c(c(O)cc(O)c3)C(=O)C2)c1,10.0,6.0,3.0,5.067100000000006,177.89,540.4800000000001,40.0,40.0,40.0,BIOFACQUIM,BIOFACQUIM,No,No
282,FQNP118,Robustaflavone,O=C1c2c(O)c(c(O)cc2OC(c2ccc(O)cc2)=C1)-c1c(O)ccc(C=2Oc3c(c(O)cc(O)c3)C(=O)C=2)c1,10.0,6.0,3.0,5.134000000000006,181.8,538.4640000000003,40.0,40.0,40.0,BIOFACQUIM,BIOFACQUIM,No,No
283,FQNP117,Amentoflavone,O=C1c2c(O)cc(O)c(-c3c(O)ccc(C=4Oc5c(c(O)cc(O)c5)C(=O)C=4)c3)c2OC(c2ccc(O)cc2)=C1,10.0,6.0,3.0,5.134000000000007,181.8,538.4640000000003,40.0,40.0,40.0,BIOFACQUIM,BIOFACQUIM,No,No
284,FQNP111,Diligustilide,O=C1O/C(=C\CCC)/C2=C1[C@H]1[C@H]([C@H]3C=C4C(=O)O/C(=C\CCC)/[C@@]14CC3)CC2,4.0,0.0,4.0,5.127200000000005,52.60000000000001,380.4840000000003,28.0,28.0,28.0,BIOFACQUIM,BIOFACQUIM,No,No
285,FQNP77,Purgic_acid_A,O=C(O)CCCCCCCCC[C@H](O[C@H]1[C@H](O[C@H]2[C@H](O[C@H]3[C@H](O)[C@H](O[C@@H]4[C@@H](O[C@@H]5[C@@H](O)[C@H](O)[C@@H](O)[C@H](C)O5)[C@H](O)[C@@H](O)[C@H](CO)O4)[C@@H](O[C@H]4[C@H](O)[C@@H](O)[C@@H](O)[C@@H](C)O4)[C@H](C)O3)[C@@H](O)[C@H](O)[C@@H](CO)O2)[C@@H](O)[C@H](O)[C@@H](C)O1)CCCC,28.0,16.0,27.0,-4.811399999999991,451.51000000000016,1167.2520000000004,80.0,80.0,80.0,BIOFACQUIM,BIOFACQUIM,No,No
286,FQNP78,Purgic_acid_B,O=C(O)CCCCCCCCC[C@H](O[C@H]1[C@H](O[C@H]2[C@H](O[C@H]3[C@H](O)[C@H](O[C@@H]4[C@@H](O[C@@H]5[C@@H](O)[C@H](O)[C@@H](O)[C@H](C)O5)[C@H](O)[C@@H](O)[C@H](CO)O4)[C@@H](O[C@H]4[C@H](O)[C@@H](O)[C@@H](O)[C@@H](C)O4)[C@H](C)O3)[C@@H](O)[C@H](O)[C@@H](CO)O2)[C@@H](O)[C@H](O)[C@@H](C)O1)CCCCCC,28.0,16.0,29.0,-4.031199999999989,451.51000000000016,1195.3060000000007,82.0,82.0,82.0,BIOFACQUIM,BIOFACQUIM,No,No
287,FQNP79,Purgic_acid_C,O=C(O)C[C@@H](CCCCCCC[C@H](O[C@H]1[C@H](O[C@H]2[C@H](O[C@H]3[C@H](O)[C@H](O[C@@H]4[C@@H](O[C@@H]5[C@@H](O)[C@H](O)[C@@H](O)[C@H](C)O5)[C@H](O)[C@@H](O)[C@H](CO)O4)[C@@H](O[C@H]4[C@H](O)[C@@H](O)[C@@H](O)[C@@H](C)O4)[C@H](C)O3)[C@@H](O)[C@H](O)[C@@H](CO)O2)[C@@H](O)[C@H](O)[C@@H](C)O1)CCCCCC)[C@@H]1[C@H](O)[C@@H](O)[C@H](O)[C@@H](C)O1,32.0,19.0,30.0,-5.935100000000025,521.4300000000002,1341.4480000000008,92.0,92.0,92.0,BIOFACQUIM,BIOFACQUIM,No,No
288,FQNP80,Jalapinoside,O=C(O[C@@H]1[C@@H](O)[C@H](O[C@@H]2[C@@H](O)[C@H](O)[C@@H](CO)O[C@H]2O[C@H]2[C@@H](OC(=O)[C@H](CC)C)[C@H](O[C@@H]3[C@@H]4[C@H](O)[C@@H](COC(=O)C)O[C@H]3O[C@@H]3[C@@H](O)[C@H](O)[C@@H](C)O[C@H]3O[C@@H](CCC)CCCCCCC[C@H](O[C@@H]3[C@@H](O)[C@H](O)[C@@H](O)[C@H](C)O3)CC(=O)O4)O[C@@H](C)[C@@H]2O[C@H]2[C@H](O)[C@@H](OC(=O)CCCCCCCCCCC)[C@@H](O)[C@@H](C)O2)O[C@H](C)[C@H]1O)[C@H](CC)C,37.0,13.0,32.0,1.3375999999999983,523.7100000000002,1689.9309999999996,117.0,117.0,117.0,BIOFACQUIM,BIOFACQUIM,No,No
289,FQNP82,Batatin_IX,O=C(O[C@@H]1[C@@H](OC(=O)C(CC)C)[C@H](C)O[C@@H](O[C@@H]2[C@@H](O[C@H]3[C@H](O)[C@H](O)[C@@H](O)[C@H](C)C3)[C@@H](O)[C@H](O[C@@H]3[C@@H](O)[C@@H](O)[C@H](O[C@@H]4[C@@H](O)[C@@H](O)[C@@H](C)O[C@H]4O[C@H](CCCCCCCCCC(=O)O[C@@H]4[C@H](O)[C@@H](O)[C@H](C)O[C@H]4O[C@H]4[C@@H](OC(=O)CCCCCCCCCCC)[C@H](O[C@H]5[C@H](C)O[C@H]6O[C@@H]7[C@@H](O)[C@@H](O)[C@@H](C)O[C@H]7O[C@@H](CCCCC)CCCCCCCCCC(=O)O[C@@H]6[C@@H]5O)O[C@@H](C)[C@@H]4O[C@H]4[C@H](O)[C@H](O)[C@H](OC(=O)C(CC)C)[C@H](C)O4)CCCCC)O[C@H]3C)O[C@H]2C)[C@@H]1O)/C=C/c1ccccc1,47.0,16.0,55.0,9.117700000000003,656.8500000000005,2448.9649999999965,171.0,171.0,171.0,BIOFACQUIM,BIOFACQUIM,No,No
290,FQNP83,Batatin_X,O=C(O[C@H]1[C@@H](O)[C@@H](O)[C@H](O[C@@H]2[C@@H](O[C@H]3[C@H](O)[C@H](O)[C@@H](OC(=O)CCCCCCCCC[C@@H](O[C@H]4[C@H](O[C@H]5[C@H](O)[C@H](O)[C@@H](O[C@H]6[C@H](OC(=O)CCCCCCCCC)[C@H](O[C@H]7[C@H](O)[C@H](O)[C@@H](O)[C@H](C)C7)[C@@H](O[C@H]7[C@H](O)[C@H](O)[C@@H](OC(=O)[C@@H](CC)C)[C@H](C)O7)[C@H](C)O6)[C@H](C)O5)[C@@H](O)[C@@H](O)[C@@H](C)O4)CCCCC)[C@H](C)O3)[C@@H](OC(=O)CCCCCCCCC)[C@H](O[C@H]3[C@H](C)O[C@@H]4[C@H](O)[C@@H]3OC(=O)CCCCCCCCC[C@H](CCCCC)O[C@@H]3O[C@H](C)[C@H](O)[C@H](O)[C@H]3O4)O[C@H]2C)O[C@H]1C)[C@@H](CC)C,47.0,16.0,59.0,9.764799999999996,656.8500000000004,2445.017999999996,170.0,170.0,170.0,BIOFACQUIM,BIOFACQUIM,No,No
291,FQNP84,Batatin_XI,O=C(O[C@H]1[C@@H](O)[C@@H](O)[C@H](O[C@@H]2[C@@H](O[C@H]3[C@H](O)[C@H](O)[C@@H](OC(=O)CCCCCCCCC[C@@H](O[C@H]4[C@H](O[C@H]5[C@H](O)[C@H](O)[C@@H](O[C@H]6[C@H](OC(=O)CCCCCCCCCCC)[C@H](O[C@H]7[C@H](O)[C@H](O)[C@@H](O)[C@H](C)C7)[C@@H](O[C@H]7[C@H](O)[C@H](O)[C@@H](OC(=O)[C@@H](CC)C)[C@H](C)O7)[C@H](C)O6)[C@H](C)O5)[C@@H](O)[C@@H](O)[C@@H](C)O4)CCCCC)[C@H](C)O3)[C@@H](OC(=O)CCCCCCCCCCC)[C@H](O[C@H]3[C@H](C)O[C@@H]4[C@H](O)[C@@H]3OC(=O)CCCCCCCCC[C@H](CCCCC)O[C@@H]3O[C@H](C)[C@H](O)[C@H](O)[C@H]3O4)O[C@H]2C)O[C@H]1C)[C@@H](CC)C,47.0,16.0,63.0,11.325199999999983,656.8500000000004,2501.125999999996,174.0,174.0,174.0,BIOFACQUIM,BIOFACQUIM,No,No
292,FQNP81,Batatin_VIII,O=C(O[C@H]1[C@@H](O)[C@@H](O)[C@H](O[C@@H]2[C@@H](O[C@H]3[C@H](OC(=O)CCCCCCCCC[C@@H](O[C@H]4[C@H](O[C@H]5[C@H](O)[C@H](O)[C@@H](O[C@H]6[C@H](OC(=O)CCCCCCCCCCC)[C@H](O[C@H]7[C@H](O)[C@H](O)[C@@H](O)[C@H](C)C7)[C@@H](O[C@H]7[C@H](O)[C@H](O)[C@@H](OC(=O)C(C)C)[C@H](C)O7)[C@H](C)O6)[C@H](C)O5)[C@@H](O)[C@@H](O)[C@@H](C)O4)CCCCC)[C@H](O)[C@@H](O)[C@H](C)O3)[C@@H](OC(=O)CCCCCCCCCCC)[C@H](O[C@H]3[C@H](C)O[C@H]4O[C@@H]5[C@@H](O)[C@@H](O)[C@@H](C)O[C@H]5O[C@@H](CCCCC)CCCCCCCCCC(=O)O[C@@H]4[C@@H]3O)O[C@H]2C)O[C@H]1C)C(C)C,47.0,16.0,61.0,10.544999999999991,656.8500000000004,2473.071999999997,172.0,172.0,172.0,BIOFACQUIM,BIOFACQUIM,No,No
293,FQNP23,3R_6Rdihydroxy-9_7(11)-dien-8-oxoeremophilane,O=C1/C(=C(\C)/C)/[C@H](O)[C@]2(C)[C@@H](C)[C@H](O)CCC2=C1,3.0,2.0,0.0,1.9899,57.53,250.338,18.0,18.0,18.0,BIOFACQUIM,BIOFACQUIM,No,No
294,FQNP24,Isopetasol,O=C1C(=C(C)C)C[C@]2(C)[C@@H](C)[C@H](O)CCC2=C1,2.0,1.0,0.0,3.0191000000000017,37.3,234.339,17.0,17.0,17.0,BIOFACQUIM,BIOFACQUIM,No,No
295,FQNP25,Sporogen_AO-1,O=C1C2(C(=C)C)O[C@@H]2[C@]2(C)[C@@H](C)[C@H](O)CCC2=C1,3.0,1.0,1.0,2.0063,49.83,248.322,18.0,18.0,18.0,BIOFACQUIM,BIOFACQUIM,No,No
296,FQNP26,Dihydrosporogen_AO-1,O[C@@H]1[C@]2(C(=C)C)O[C@@H]2[C@]2(C)[C@@H](C)[C@H](O)CCC2=C1,3.0,2.0,1.0,1.7981,52.99,250.338,18.0,18.0,18.0,BIOFACQUIM,BIOFACQUIM,No,No
297,FQNP45,4R_5R-dihydroxy-3-methoxy-5-methylcyclohexen-2-en-1-one,O(C)C=1[C@H](O)[C@@](O)(C)CC(=O)C=1,4.0,2.0,1.0,-0.3986000000000001,66.75999999999999,172.17999999999995,12.0,12.0,12.0,BIOFACQUIM,BIOFACQUIM,No,No
298,FQNP44,4S_5S_6S-4-hydroxy-3-methoxy-5-methyl-5_6-epoxycyclohex-2-en-1-one,O(C)C=1[C@H](O)[C@]2(C)O[C@@H]2C(=O)C=1,4.0,1.0,1.0,-0.3822000000000001,59.06,170.16400000000002,12.0,12.0,12.0,BIOFACQUIM,BIOFACQUIM,No,No
299,FQNP42,3S-(+)-8-methoxymellein,O(C)c1c2C(=O)O[C@@H](C)Cc2ccc1,3.0,0.0,1.0,1.7966,35.53,192.214,14.0,14.0,14.0,BIOFACQUIM,BIOFACQUIM,No,No
300,FQNP39,Pestalotin_4-O-Methyl-b-mannopyranoside,O([C@@H](CCCC)[C@H]1OC(=O)C=C(OC)C1)[C@H]1[C@@H](O)[C@@H](OC)[C@H](OC)[C@@H](CO)O1,9.0,2.0,10.0,0.5157000000000005,112.91000000000004,404.4560000000001,28.0,28.0,28.0,BIOFACQUIM,BIOFACQUIM,No,No
301,FQNP41,3S_4S-(+)-4-hydroxymellein,O=C1O[C@@H](C)[C@@H](O)c2c1c(O)ccc2,4.0,2.0,0.0,0.9844999999999996,66.76,194.18599999999998,14.0,14.0,14.0,BIOFACQUIM,BIOFACQUIM,No,No
302,FQNP40,3S_4R-(+)-4-hydroxymellein,O=C1O[C@@H](C)[C@H](O)c2c1c(O)ccc2,4.0,2.0,0.0,0.9844999999999996,66.76,194.18599999999998,14.0,14.0,14.0,BIOFACQUIM,BIOFACQUIM,No,No
303,FQNP200,Methylarbutin,O(C)c1ccc(O[C@H]2[C@H](O)[C@@H](O)[C@H](O)[C@@H](CO)O2)cc1,7.0,4.0,4.0,-1.1261000000000003,108.61,286.2800000000001,20.0,20.0,20.0,BIOFACQUIM,BIOFACQUIM,No,No
304,FQNP193,Prunasin,O([C@@H](C#N)c1ccccc1)[C@H]1[C@H](O)[C@@H](O)[C@H](O)[C@@H](CO)O1,7.0,4.0,4.0,-0.9322200000000004,123.17000000000002,295.29100000000005,21.0,21.0,21.0,BIOFACQUIM,BIOFACQUIM,No,No
305,FQNP195,Hyperoside,O([C@H]1[C@H](O)[C@@H](O)[C@@H](O)[C@@H](CO)O1)C1=C(c2cc(O)c(O)cc2)Oc2c(c(O)cc(O)c2)C1=O,12.0,8.0,4.0,-0.5389000000000004,210.51,464.37900000000013,33.0,33.0,33.0,BIOFACQUIM,BIOFACQUIM,No,No
306,FQNP196,Isoquercetin,O([C@H]1[C@H](O)[C@@H](O)[C@H](O)[C@@H](CO)O1)C1=C(c2cc(O)c(O)cc2)Oc2c(c(O)cc(O)c2)C1=O,12.0,8.0,4.0,-0.5389000000000004,210.51,464.37900000000013,33.0,33.0,33.0,BIOFACQUIM,BIOFACQUIM,No,No
307,FQNP197,Quercitrin,O([C@H]1[C@H](O)[C@H](O)[C@@H](O)[C@H](C)O1)C1=C(c2cc(O)c(O)cc2)Oc2c(c(O)cc(O)c2)C1=O,11.0,7.0,3.0,0.4886999999999991,190.28,448.38000000000017,32.0,32.0,32.0,BIOFACQUIM,BIOFACQUIM,No,No
308,FQNP199,Picein,O=C(C)c1ccc(O[C@H]2[C@H](O)[C@@H](O)[C@H](O)[C@@H](CO)O2)cc1,7.0,4.0,4.0,-0.9321000000000006,116.45000000000002,298.291,21.0,21.0,21.0,BIOFACQUIM,BIOFACQUIM,No,No
309,FQNP198,Quercetin-3-O-(6''-benzoyl)-b-galactoside,O=C(OC[C@@H]1[C@H](O)[C@H](O)[C@@H](O)[C@H](OC2=C(c3cc(O)c(O)cc3)Oc3c(c(O)cc(O)c3)C2=O)O1)c1ccccc1,13.0,7.0,6.0,1.325799999999999,216.58,568.4870000000002,41.0,41.0,41.0,BIOFACQUIM,BIOFACQUIM,No,No
310,FQNP194,(-)-epi-catechin,O[C@@H]1[C@H](c2cc(O)c(O)cc2)Oc2c(c(O)cc(O)c2)C1,6.0,5.0,1.0,1.5460999999999996,110.38,290.27099999999996,21.0,21.0,21.0,BIOFACQUIM,BIOFACQUIM,No,No
311,FQNP229,2-hydroxy-destigloyl-6-deoxyswietenine_acetate,O=C(OC)C[C@H]1C(C)(C)[C@H](OC(=O)C)[C@@]2(O)C(=O)[C@]1(C)C1C(=C2)C2[C@](C)([C@H](c3cocc3)OC(=O)C2)CC1,9.0,1.0,4.0,3.6974000000000022,129.34,528.5980000000002,38.0,38.0,38.0,BIOFACQUIM,BIOFACQUIM,No,No
312,FQNP230,Humulin_B,O=C(OC)C[C@H]1C(C)(C)[C@H](OC(=O)C)[C@@]2(O)C(=O)[C@]1(C)C1[C@@]3(O[C@H]23)C2[C@](C)([C@H](c3cocc3)OC(=O)C2)CC1,10.0,1.0,4.0,2.9086000000000007,141.87,544.5970000000002,39.0,39.0,39.0,BIOFACQUIM,BIOFACQUIM,No,No
313,FQNP232,Methyl-2-hydroxy-3-b-tigloyloxy-1-oxomeliac-8(30)-enate,O=C(O[C@H]1C(C)(C)[C@H](CC(=O)OC)[C@]2(C)C(=O)[C@@]1(O)C=C1C3[C@](C)([C@H](c4cocc4)OC(=O)C3)CCC21)/C(=C/C)/C,9.0,1.0,5.0,4.643700000000004,129.34000000000003,568.6630000000002,41.0,41.0,41.0,BIOFACQUIM,BIOFACQUIM,No,No
314,FQNP231,Methyl-2-hydroxy-3-b-isobutyroxy-1-oxomeliac-8(30)-enate,O=C(O[C@H]1C(C)(C)[C@H](CC(=O)OC)[C@]2(C)C(=O)[C@@]1(O)C=C1C3[C@](C)([C@H](c4cocc4)OC(=O)C3)CCC21)C(C)C,9.0,1.0,5.0,4.333500000000004,129.34000000000003,556.6520000000003,40.0,40.0,40.0,BIOFACQUIM,BIOFACQUIM,No,No
315,FQNP235,Methyl-2-hydroxy-3-b-isobutyoyl-8a_30a-epoxy-1-oxo-meliacate,O=C(O[C@H]1C(C)(C)[C@H](CC(=O)OC)[C@]2(C)C(=O)[C@@]1(O)[C@H]1O[C@@]31C1[C@](C)([C@H](c4cocc4)OC(=O)C1)CCC23)C(C)C,10.0,1.0,5.0,3.544700000000001,141.87000000000003,572.6510000000002,41.0,41.0,41.0,BIOFACQUIM,BIOFACQUIM,No,No
316,FQNP234,Humilinolide_C,O=C(O[C@H]1C(C)(C)[C@H](CC(=O)OC)[C@]2(C)C(=O)[C@@]1(OC(=O)C)C=C1C3[C@](C)([C@H](c4cocc4)OC(=O)C3)CCC21)/C(=C/C)/C,10.0,0.0,6.0,5.2145000000000055,135.41000000000003,610.7,44.0,44.0,44.0,BIOFACQUIM,BIOFACQUIM,No,No
317,FQNP233,Humilinolide_G,O=C(O[C@H]1C(C)(C)[C@H](CC(=O)OC)[C@]2(C)C(=O)[C@@]1(OC(=O)C)C=C1C3[C@](C)([C@H](c4cocc4)OC(=O)C3)CCC21)C(C)C,10.0,0.0,6.0,4.9043000000000045,135.41000000000003,598.6890000000002,43.0,43.0,43.0,BIOFACQUIM,BIOFACQUIM,No,No
318,FQNP236,Humilinolide_H,O=C(O[C@H]1C(C)(C)[C@H](CC(=O)OC)[C@]2(C)C(=O)[C@@]1(OC(=O)C)[C@H]1O[C@@]31C1[C@](C)([C@H](c4cocc4)OC(=O)C1)CCC23)C(C)C,11.0,0.0,6.0,4.115500000000003,147.94000000000003,614.688,44.0,44.0,44.0,BIOFACQUIM,BIOFACQUIM,No,No
319,FQNP10,(4R_5S_6R)-6-Chloro-4_5-dihydroxy-3-methoxy-5-methylcyclohex-2-enone,Cl[C@@H]1[C@](O)(C)[C@@H](O)C(OC)=CC1=O,4.0,2.0,1.0,-0.1813,66.75999999999999,206.625,13.0,13.0,13.0,BIOFACQUIM,BIOFACQUIM,No,No
320,FQNP13,2-((4-Butylphenyl)amino)-5-methoxy-3-methylcyclohexa-2_5-diene-1_4-dione,O(C)C=1C(=O)C(C)=C(Nc2ccc(CCCC)cc2)C(=O)C=1,4.0,1.0,6.0,3.3972000000000024,55.4,299.37,22.0,22.0,22.0,BIOFACQUIM,BIOFACQUIM,No,No
321,FQNP8,2-hydroxy-5-methoxy-3-methylcyclohexa-2_5-diene-1_4-dione,O(C)C=1C(=O)C(C)=C(O)C(=O)C=1,4.0,1.0,1.0,0.5005,63.6,168.14799999999997,12.0,12.0,12.0,BIOFACQUIM,BIOFACQUIM,No,No
322,FQNP9,Fumiquinone_B,O(C)C=1C(=O)C(C)=C(O)C(=O)C=1O,5.0,2.0,1.0,0.3861999999999999,83.83,184.147,13.0,13.0,13.0,BIOFACQUIM,BIOFACQUIM,No,No
323,FQNP12,(4R_5R_6R)-4_5-Dihydroxy-3-methoxy-5-methyl-6-(phenylamino)cyclohex-2-enone,O(C)C=1[C@H](O)[C@@](O)(C)[C@@H](Nc2ccccc2)C(=O)C=1,5.0,3.0,3.0,0.6920000000000001,78.78999999999998,263.293,19.0,19.0,19.0,BIOFACQUIM,BIOFACQUIM,No,No
324,FQNP7,Coriloxine,O(C)C=1[C@H](O)[C@@]2(C)O[C@H]2C(=O)C=1,4.0,1.0,1.0,-0.3822000000000001,59.06,170.16400000000002,12.0,12.0,12.0,BIOFACQUIM,BIOFACQUIM,No,No
325,FQNP11,6-hydroxy-5-methyl-3-(methylamino)cyclohexa-2_5-diene-1_4-dione,O=C1C(C)=C(O)C(=O)C=C1NC,4.0,2.0,1.0,0.07349999999999995,66.39999999999999,167.16400000000002,12.0,12.0,12.0,BIOFACQUIM,BIOFACQUIM,No,No
326,FQNP75,Albinosinic_acid_F,O=C(O)CCCCCCCCC[C@@H](O[C@H]1[C@H](O[C@@H]2[C@@H](O[C@@H]3[C@@H](O)[C@@H](O)[C@H](O[C@H]4[C@H](O)[C@@H](O)[C@@H](O)[C@@H](C)O4)[C@@H](C)O3)[C@H](O)[C@@H](O)[C@H](CO)O2)[C@@H](O)[C@H](O)[C@@H](C)O1)CCCC,19.0,11.0,22.0,-1.4873999999999905,313.44,858.9690000000003,59.0,59.0,59.0,BIOFACQUIM,BIOFACQUIM,No,No
327,FQNP76,Albinosinic_acid_G,O=C(O)CCCCCCCCC[C@@H](O[C@H]1[C@H](O[C@@H]2[C@@H](O[C@@H]3[C@@H](O)[C@@H](O)[C@H](O[C@H]4[C@H](O)[C@@H](O)[C@@H](O)[C@@H](C)O4)[C@@H](C)O3)[C@H](O)[C@@H](O)[C@H](CO)O2)[C@@H](O)[C@H](O)[C@@H](C)O1)CCCCCC,19.0,11.0,24.0,-0.7071999999999912,313.44,887.023,61.0,61.0,61.0,BIOFACQUIM,BIOFACQUIM,No,No
328,FQNP73,Albinosinic_acid_D,O=C(O)CCCCCCCCC[C@@H](O[C@H]1[C@H](O[C@H]2[C@H](O[C@H]3[C@H](O)[C@H](O)[C@@H](O)[C@H](C)O3)[C@@H](O)[C@H](O)[C@@H](CO[C@H]3[C@H](O)[C@@H](O)[C@H](O)[C@@H](C)O3)O2)[C@@H](O)[C@H](O)[C@@H](C)O1)CCC,19.0,11.0,21.0,-1.877499999999989,313.44,844.9420000000003,58.0,58.0,58.0,BIOFACQUIM,BIOFACQUIM,No,No
329,FQNP74,Albinosinic_acid_E,O=C(O)CCCCCCCCC[C@@H](O[C@H]1[C@H](O[C@H]2[C@H](O[C@H]3[C@H](O)[C@H](O)[C@@H](O)[C@H](C)O3)[C@@H](O[C@H]3[C@H](O)[C@@H](O)[C@H](O)[C@@H](C)O3)[C@H](O)[C@@H](C)O2)[C@@H](O)[C@H](O)[C@@H](C)O1)CCC,18.0,10.0,20.0,-0.8498999999999906,293.21,828.9430000000003,57.0,57.0,57.0,BIOFACQUIM,BIOFACQUIM,No,No
330,FQNP71,Albinoside_II,O=C(O[C@@H]1[C@@H](C)O[C@@H]2[C@H](O[C@H]3[C@H](O)[C@H](O)[C@@H](O)[C@H](C)O3)[C@H]1O[C@H]1[C@H](O)[C@@H]([C@@H](O)[C@H](C)O1)OC(=O)CCCCCCCCC[C@H](CCC)O[C@@H]1O[C@H](C)[C@@H](O)[C@H](O)[C@H]1O[C@H]1[C@H](OC(=O)/C(=C/C)/C)[C@H](O)[C@H]([C@H](C)O1)O2)/C(=C/C)/C,24.0,8.0,8.0,1.5160000000000164,333.04,1121.2739999999994,78.0,78.0,78.0,BIOFACQUIM,BIOFACQUIM,No,No
331,FQNP72,Albinoside_III,O=C(O[C@@H]1[C@@H](O[C@H]2[C@H](O)[C@H](O)[C@@H](O)[C@H](C)O2)[C@H](OC[C@@H]2[C@@H](O)[C@H]3[C@@H](O[C@H]4[C@H](OC(=O)/C(=C/C)/C)[C@H](O)[C@@H](O)[C@H](C)O4)[C@@H](O2)O[C@@H]2[C@@H](O)[C@H](O)[C@@H](C)O[C@H]2O[C@@H](CCCCC)CCCCCCCCCC(=O)O3)O[C@H](C)[C@H]1O)/C(=C/C)/C,25.0,9.0,15.0,1.2686000000000208,353.2700000000001,1165.3269999999993,81.0,81.0,81.0,BIOFACQUIM,BIOFACQUIM,No,No
332,FQNP64,Albinoside_IV,O=C(O[C@@H]1[C@H](O)[C@@H](O)[C@H](C)O[C@H]1O[C@@H]1[C@@H](O)[C@H](O)[C@@H]2O[C@H]1O[C@@H]1[C@@H](O)[C@H](O)[C@@H](C)O[C@H]1O[C@@H](CCC)CCCCCCCCCC(=O)O[C@@H]1[C@H](O)[C@@H](O)[C@H](C)O[C@H]1O[C@@H]1[C@@H](O)[C@H](O)[C@@H](C)O[C@H]1OC2)/C(=C/C)/C,24.0,10.0,6.0,-1.0286999999999793,347.2000000000001,1055.1709999999996,73.0,73.0,73.0,BIOFACQUIM,BIOFACQUIM,No,No
333,FQNP65,Albinoside_V,O=C(O[C@@H]1[C@H](O)[C@@H](O)[C@H](C)O[C@H]1O[C@@H]1[C@@H]2[C@H](O)[C@@H](C)O[C@H]1O[C@@H]1[C@@H](O)[C@@H](OC(=O)/C(=C/C)/C)[C@@H](O[C@H]1C)O[C@@H]1[C@@H](O)[C@H](O)[C@@H](C)O[C@H]1O[C@@H](CCC)CCCCCCCCCC(=O)O[C@@H]1[C@@H](O)[C@H](C)O[C@H]([C@@H]1O)O2)[C@@H]([C@H](O)C)C,25.0,9.0,9.0,0.566700000000021,353.2700000000001,1139.2889999999998,79.0,79.0,79.0,BIOFACQUIM,BIOFACQUIM,No,No
334,FQNP68,Albinoside_VIII,O=C(O[C@@H]1[C@H](O)[C@@H](O[C@H]2[C@H](O)[C@@H](O)[C@@H](OC(=O)/C(=C/C)/C)[C@@H](C)O2)[C@H](C)O[C@H]1O[C@@H]1[C@@H]2[C@H](O)[C@@H](CO)O[C@H]1O[C@@H]1[C@@H](O)[C@H](O)[C@@H](C)O[C@H]1O[C@@H](CCCC)CCCCCCCCCC(=O)O2)/C(=C/C)/C,21.0,7.0,12.0,2.0267000000000115,294.35,1005.1579999999997,70.0,70.0,70.0,BIOFACQUIM,BIOFACQUIM,No,No
335,FQNP69,Albinoside_IX,O=C(O[C@@H]1[C@H](O)[C@@H](O[C@H]2[C@H](O)[C@@H](O)[C@@H](OC(=O)/C(=C/C)/C)[C@@H](C)O2)[C@H](C)O[C@H]1O[C@@H]1[C@@H]2[C@H](O)[C@@H](CO)O[C@H]1O[C@@H]1[C@@H](O)[C@H](O)[C@@H](C)O[C@H]1O[C@@H](CCCCCC)CCCCCCCCCC(=O)O2)/C(=C/C)/C,21.0,7.0,14.0,2.8069000000000117,294.35,1033.2119999999993,72.0,72.0,72.0,BIOFACQUIM,BIOFACQUIM,No,No
336,FQNP70,Albinoside_I,O=C(O[C@H]1[C@H](C)O[C@H]2O[C@@H]3[C@@H](O)[C@H](O)[C@@H](C)O[C@H]3OC[C@@H]3[C@@H](O)[C@H](O)[C@@H](O[C@H]4[C@H](O)[C@H](O)[C@@H](OC(=O)C)[C@H](C)O4)[C@H](O[C@@H]4[C@@H](O)[C@H](O)[C@@H](C)O[C@H]4O[C@@H](CCC)CCCCCCCCCC(=O)O[C@@H]2[C@@H]1O)O3)[C@@H]([C@H](O)C)C,26.0,10.0,8.0,-1.4071999999999776,373.50000000000006,1115.2229999999997,77.0,77.0,77.0,BIOFACQUIM,BIOFACQUIM,No,No
337,FQNP66,Albinoside_VI,O=C(O[C@H]1[C@H](O)[C@@H](C)O[C@H]2OC[C@@H]3[C@@H](O)[C@H](O)[C@@H](O[C@H]4[C@H](O)[C@H](O)[C@@H](OC(=O)C)[C@H](C)O4)[C@H](O[C@H]4[C@H](O)[C@@H](O)[C@H](C)O[C@@H]4O[C@@H](CCC)CCCCCCCCCC(=O)O[C@H]12)O3)[C@H]([C@@H](O)C)C,22.0,8.0,8.0,-0.2589999999999806,314.58,969.0809999999997,67.0,67.0,67.0,BIOFACQUIM,BIOFACQUIM,No,No
338,FQNP67,Albinoside_VII,O=C(O[C@H]1[C@H](O)[C@@H](C)O[C@H]2O[C@H]3[C@H](O)[C@@H](C)O[C@H]([C@@H]3O[C@H]3[C@H](O)[C@H](O)[C@@H](OC(=O)C)[C@H](C)O3)O[C@@H]3[C@@H](O)[C@H](O)[C@@H](C)O[C@H]3O[C@@H](CCC)CCCCCCCCCC(=O)O[C@H]12)[C@H]([C@@H](O)C)C,21.0,7.0,8.0,0.7686000000000155,294.35,953.0819999999997,66.0,66.0,66.0,BIOFACQUIM,BIOFACQUIM,No,No
339,FQNP54,Paucinone_E,O=C(c1cc(O)c(O)cc1)C1=C(O)[C@@](C/C=C(/CC/C=C(\C)/C)\C)(C/C=C(\C)/C)C(=O)C=2[C@H](C3=C(O)C(=O)C=CO3)CC(C)(C)OC1=2,9.0,4.0,10.0,7.996400000000007,154.50000000000003,644.7610000000002,47.0,47.0,47.0,BIOFACQUIM,BIOFACQUIM,No,No
340,FQNP55,Paucinone_F,O=C(c1cc(O)c(O)cc1)C1=C(O)[C@](C/C=C(/CC/C=C(\C)/C)\C)(C/C=C(\C)/C)C(=O)C=2[C@H](C3=C(O)C(=O)C=CO3)CC(C)(C)OC1=2,9.0,4.0,10.0,7.996400000000007,154.50000000000003,644.7610000000002,47.0,47.0,47.0,BIOFACQUIM,BIOFACQUIM,No,No
341,FQNP56,Paucinone_G,O=C(c1cc(O)c(O)cc1)C=1C(=O)C(C/C=C(/CC/C=C(\C)/C)\C)(C/C=C(\C)/C)C(=O)C23OC2C(O)C(C)(C)OC=13,8.0,3.0,9.0,5.419200000000006,133.66,564.6750000000002,41.0,41.0,41.0,BIOFACQUIM,BIOFACQUIM,No,No
342,FQNP57,Paucinone_H,O=C(c1cc(O)c(O)cc1)C=1C(=O)C(C/C=C(/CC/C=C(\C)/C)\C)(C/C=C(\C)/C)C(=O)C23OC2CC(C)(C)OC=13,7.0,2.0,9.0,6.448400000000008,113.43,548.6760000000004,40.0,40.0,40.0,BIOFACQUIM,BIOFACQUIM,No,No
343,FQNP58,Paucinone_I,O=C(c1cc(O)c(O)cc1)C=1C(=O)[C@@](C/C=C(/CC/C=C(\C)/C)\C)(C/C=C(\C)/C)C(=O)C=1O,6.0,3.0,9.0,5.6699000000000055,111.9,452.54700000000025,33.0,33.0,33.0,BIOFACQUIM,BIOFACQUIM,No,No
344,FQNP201,Ursolic_acid,O=C(O)[C@@]12[C@@H]([C@@H](C)[C@H](C)CC1)C=1[C@](C)([C@@]3(C)[C@@H]([C@]4(C)[C@H](C(C)(C)[C@@H](O)CC4)CC3)CC=1)CC2,2.0,2.0,1.0,7.08950000000001,57.53,456.71100000000035,33.0,33.0,33.0,BIOFACQUIM,BIOFACQUIM,No,No
345,FQNP202,Uvaol,OC[C@@]12[C@@H]([C@@H](C)[C@H](C)CC1)C=1[C@](C)([C@@]3(C)[C@@H]([C@]4(C)[C@H](C(C)(C)[C@@H](O)CC4)CC3)CC=1)CC2,2.0,2.0,1.0,6.997200000000008,40.46,442.7280000000004,32.0,32.0,32.0,BIOFACQUIM,BIOFACQUIM,No,No
346,FQNP95,2-chloro-6-[2'(S)-hydroxypropyl]-1_3_8-trihydroxy-anthraquinone,Clc1c(O)c2C(=O)c3c(O)cc(C[C@@H](O)C)cc3C(=O)c2cc1O,6.0,4.0,2.0,2.1554999999999995,115.06000000000002,348.73800000000017,24.0,24.0,24.0,BIOFACQUIM,BIOFACQUIM,No,No
347,FQNP94,Asperphenamate,O=C(OC[C@@H](NC(=O)c1ccccc1)Cc1ccccc1)[C@@H](NC(=O)c1ccccc1)Cc1ccccc1,4.0,2.0,11.0,4.612200000000004,84.5,506.60200000000015,38.0,38.0,38.0,BIOFACQUIM,BIOFACQUIM,No,No
348,FQNP89,Benzomalvin_A,O=C1N(C)C(Cc2ccccc2)C=2N(C(=O)c3c(N=2)cccc3)c2c1cccc2,4.0,0.0,2.0,3.7551000000000014,55.2,381.43500000000006,29.0,29.0,29.0,BIOFACQUIM,BIOFACQUIM,No,No
349,FQNP93,Quinolonimide,O=C1NC(=O)C=2C(=O)c3c(N(C)C1=2)cccc3,4.0,1.0,0.0,0.4221000000000001,68.17,228.207,17.0,17.0,17.0,BIOFACQUIM,BIOFACQUIM,No,No
350,FQNP92,Quinolactacins_B,O=C1NC(C(C)C)C=2N(C)c3c(C(=O)C1=2)cccc3,3.0,1.0,1.0,1.979,51.1,256.305,19.0,19.0,19.0,BIOFACQUIM,BIOFACQUIM,No,No
351,FQNP91,Quinolactacins_A2,O=C1N[C@@H]([C@H](CC)C)C=2N(C)c3c(C(=O)C1=2)cccc3,3.0,1.0,2.0,2.3691000000000004,51.1,270.332,20.0,20.0,20.0,BIOFACQUIM,BIOFACQUIM,No,No
352,FQNP90,Quinolactacins_A1,O=C1N[C@H]([C@H](CC)C)C=2N(C)c3c(C(=O)C1=2)cccc3,3.0,1.0,2.0,2.3691000000000004,51.1,270.332,20.0,20.0,20.0,BIOFACQUIM,BIOFACQUIM,No,No
353,FQNP1,Santin,O(C)c1c(O)c2C(=O)C(OC)=C(c3ccc(OC)cc3)Oc2cc1O,7.0,2.0,4.0,2.8970000000000016,98.36,344.319,25.0,25.0,25.0,BIOFACQUIM,BIOFACQUIM,No,No
354,FQNP2,Santamarine,O=C1C(=C)[C@H]2[C@H](O1)[C@H]1C(C)=CC[C@@H](O)[C@]1(C)CC2,3.0,1.0,0.0,2.2114000000000003,46.53,248.32199999999997,18.0,18.0,18.0,BIOFACQUIM,BIOFACQUIM,No,No
355,FQNP63,Brevipolide_O,O([C@@H](C)[C@H]1O[C@@H]([C@H](O)[C@@H]2OC(=O)C=CC2)CC1)C(=O)/C=C/c1cc(O)c(O)cc1,8.0,3.0,6.0,1.8228999999999995,122.52,404.41500000000013,29.0,29.0,29.0,BIOFACQUIM,BIOFACQUIM,No,No
356,FQNP62,Brevipolide_N,O([C@@H](C)[C@H]1O[C@@H]([C@H](O)[C@@H]2OC(=O)C=CC2)CC1)C(=O)/C=C/c1ccc(O)cc1,7.0,2.0,6.0,2.1172999999999997,102.29,388.41600000000005,28.0,28.0,28.0,BIOFACQUIM,BIOFACQUIM,No,No
357,FQNP61,Brevipolide_M,O([C@@H](C)[C@H]1O[C@@H]([C@H](O)[C@@H]2OC(=O)C=CC2)CC1)C(=O)/C=C/c1ccc(OC)cc1,7.0,1.0,7.0,2.4203,91.29,402.44300000000015,29.0,29.0,29.0,BIOFACQUIM,BIOFACQUIM,No,No
358,FQNP60,Brevipolide_L,O([C@@H](C)[C@H]1O[C@@H]([C@H](O)[C@@H]2OC(=O)C=CC2)CC1)C(=O)/C=C\c1ccc(O)cc1,7.0,2.0,6.0,2.1172999999999997,102.29,388.41600000000005,28.0,28.0,28.0,BIOFACQUIM,BIOFACQUIM,No,No
359,FQNP59,Brevipolide_K,O([C@@H](C)[C@H]1O[C@@H]([C@H](O)[C@@H]2OC(=O)C=CC2)CC1)C(=O)/C=C\c1ccc(OC)cc1,7.0,1.0,7.0,2.4203,91.29,402.44300000000015,29.0,29.0,29.0,BIOFACQUIM,BIOFACQUIM,No,No
360,FQNP32,8-chloroxylarinol_A,Clc1c(O)c2c(cc1)C=CC(=O)OC2,3.0,1.0,0.0,2.1156,46.53,210.616,14.0,14.0,14.0,BIOFACQUIM,BIOFACQUIM,No,No
361,FQNP33,Flavoroseoside,O([C@@H]1[C@H](O)[C@H](O)[C@@H](CO)O1)c1c(O)c2c(c(O)c1)C(=O)O[C@H](C)C2,9.0,5.0,3.0,-0.9830000000000008,145.91,342.3000000000001,24.0,24.0,24.0,BIOFACQUIM,BIOFACQUIM,No,No
362,FQNP38,Clavatol,O=C(C)c1c(O)c(C)c(O)c(C)c1,3.0,2.0,1.0,1.91724,57.53,180.203,13.0,13.0,13.0,BIOFACQUIM,BIOFACQUIM,No,No
363,FQNP34,Xylarinol_A,O=C1OCc2c(O)cccc2C=C1,3.0,1.0,0.0,1.4622,46.53,176.171,13.0,13.0,13.0,BIOFACQUIM,BIOFACQUIM,No,No
364,FQNP37,Massarigenins_C,O=C1[C@]2([C@@H](O)C(=C)O1)[C@@H](O)C(=O)C=C[C@H]2C,5.0,2.0,0.0,-0.4599000000000002,83.83000000000001,224.21200000000002,16.0,16.0,16.0,BIOFACQUIM,BIOFACQUIM,No,No
365,FQNP36,Massarigenins_B,O=C1[C@]2([C@H](O)C(=C)O1)[C@@H](O)C(=O)CC[C@H]2C,5.0,2.0,0.0,-0.23590000000000044,83.83000000000001,226.22799999999995,16.0,16.0,16.0,BIOFACQUIM,BIOFACQUIM,No,No
366,FQNP35,Xylarinol_B,O[C@@H]([C@@H](O)C)C[C@H]1OCc2c(O)cccc12,4.0,3.0,3.0,1.0953,69.92,224.25599999999997,16.0,16.0,16.0,BIOFACQUIM,BIOFACQUIM,No,No
367,FQNP31,5-hydroxy-2_7-dimethoxy-8-methylnaphthoquinone,O(C)c1c(C)c2C(=O)C(OC)=CC(=O)c2c(O)c1,5.0,1.0,2.0,1.6185200000000002,72.83,248.234,18.0,18.0,18.0,BIOFACQUIM,BIOFACQUIM,No,No
368,FQNP30,Corymbiferone,O(C)c1c2C(=O)OC=C3C(OC)=CC(=O)c(c(O)c1)c23,6.0,1.0,2.0,1.6908,85.97000000000001,274.22799999999995,20.0,20.0,20.0,BIOFACQUIM,BIOFACQUIM,No,No
369,FQNP29,Preussochromone_C,O(C)c1c2C(=O)OC[C@]3(O)C(OC)=CC(=O)c(c(O)c1)c23,7.0,2.0,2.0,0.4853999999999999,102.29,292.243,21.0,21.0,21.0,BIOFACQUIM,BIOFACQUIM,No,No
370,FQNP27,Minimoidiones_A,O(C)c1c2[C@@H]3[C@@](C)([C@H](O)C(=O)C=C3OC)C=C3C(OC)=CC(=O)c(c(O)c1)c23,7.0,2.0,3.0,2.0882,102.29,384.3840000000001,28.0,28.0,28.0,BIOFACQUIM,BIOFACQUIM,No,No
371,FQNP28,Minimoidiones_B,O(C)c1c2c3c(c(O)c1)C(=O)C=C(OC)C3=CC1(C(OC)=CC(=O)c3c(O)cc(OC)cc13)C2,8.0,2.0,4.0,3.4457000000000018,111.52,462.4540000000002,34.0,34.0,34.0,BIOFACQUIM,BIOFACQUIM,No,No
372,FQNP18,(2S_5S_8R_9R_10R_15S)-2-(O-b-D-glucopyranosyl)neocleroda-15-methoxy-3_13-diene-14_15;18_19-diolide,O(C)[C@H]1OC(=O)C(CC[C@@]2(C)[C@H](C)CC[C@]34C(C(=O)OC3)=C[C@@H](O[C@H]3[C@H](O)[C@@H](O)[C@H](O)[C@@H](CO)O3)CC24)=C1,11.0,4.0,7.0,0.33310000000000106,161.20999999999995,538.5900000000001,38.0,38.0,38.0,BIOFACQUIM,BIOFACQUIM,No,No
373,FQNP20,Pedalitin,O(C)c1c(O)c(O)c2C(=O)C=C(c3cc(O)c(O)cc3)Oc2c1,7.0,4.0,2.0,2.2910000000000013,120.36,316.2650000000001,23.0,23.0,23.0,BIOFACQUIM,BIOFACQUIM,No,No
374,FQNP22,2-(3_4-Dimethoxyphenyl)-6-hydroxy-7-methoxy-4H-1-benzopyran-4-one,O(C)c1c(OC)ccc(C=2Oc3c(c(O)c(O)c(OC)c3)C(=O)C=2)c1,7.0,2.0,4.0,2.8970000000000016,98.36,344.31900000000013,25.0,25.0,25.0,BIOFACQUIM,BIOFACQUIM,No,No
375,FQNP14,6_6''_3'''-trihydroxy-7_3'_7''-O-trimethylloniflavone,O(C)c1c(Oc2c(OC)cc(C=3Oc4c(c(O)c(O)c(OC)c4)C(=O)C=3)cc2)ccc(C=2Oc3c(c(O)c(O)c(OC)c3)C(=O)C=2)c1,13.0,4.0,8.0,5.882500000000008,187.49,642.5690000000002,47.0,47.0,47.0,BIOFACQUIM,BIOFACQUIM,No,No
376,FQNP16,(2S_5S_8R_9R_10R)-2-(O-b-D-glucopyranosyl)neocleroda-3_13-diene-14_15;18_19-diolide,O([C@H]1[C@H](O)[C@@H](O)[C@H](O)[C@@H](CO)O1)[C@@H]1C=C2C(=O)OC[C@]32C([C@](CCC=2C(=O)OCC=2)(C)[C@H](C)CC3)C1,10.0,4.0,6.0,0.3605999999999998,151.98000000000005,508.56400000000053,36.0,36.0,36.0,BIOFACQUIM,BIOFACQUIM,No,No
377,FQNP17,(2S_5S_8R_9R_10R)-2-(O-b-D-glucopyranosyl)neocleroda-14-methoxy-3_13-diene-15_14;18_19-diolide,O([C@H]1[C@H](O)[C@@H](O)[C@H](O)[C@@H](CO)O1)[C@@H]1C=C2C(=O)OC[C@]32C([C@](CCC=2C(OC)OC(=O)C=2)(C)[C@H](C)CC3)C1,11.0,4.0,7.0,0.3331000000000002,161.21,538.5900000000003,38.0,38.0,38.0,BIOFACQUIM,BIOFACQUIM,No,No
378,FQNP19,Amarisolide,O([C@H]1[C@H](O)[C@@H](O)[C@H](O)[C@@H](CO)O1)[C@@H]1C=C2C(=O)OC[C@]32C([C@](CCc2cocc2)(C)[C@H](C)CC3)C1,9.0,4.0,6.0,1.3229999999999995,138.82000000000002,492.5650000000004,35.0,35.0,35.0,BIOFACQUIM,BIOFACQUIM,No,No
379,FQNP21,7-(b-D-Glucopyranosyloxy)-5-hydroxy-2-(4-hydroxyphenyl)-4H-1-benzopyran-4-one,O([C@H]1[C@H](O)[C@@H](O)[C@H](O)[C@@H](CO)O1)c1cc(O)c2C(=O)C=C(c3ccc(O)cc3)Oc2c1,10.0,6.0,4.0,0.04989999999999967,170.05,432.38100000000014,31.0,31.0,31.0,BIOFACQUIM,BIOFACQUIM,No,No
380,FQNP15,(2S_5S_8R_9R_10R)-2-(O-b-D-glucopyranosyl)-neocleroda-3-en-9-oxobutyl-18_19-olide,O=C(CC[C@@]1(C)[C@H](C)CC[C@]23C(C(=O)OC2)=C[C@@H](O[C@H]2[C@H](O)[C@@H](O)[C@H](O)[C@@H](CO)O2)CC13)C,9.0,4.0,6.0,0.4664000000000002,142.75,468.5430000000002,33.0,33.0,33.0,BIOFACQUIM,BIOFACQUIM,No,No
381,FQNP50,4_9-dideoxy-seco-PF1233_B_carboxylic_acid,O=C(O)[C@@H](NC(=O)C(O)Cc1ccccc1)Cc1c(C(C=C)(C)C)[nH]c2c1cccc2,3.0,4.0,9.0,3.347000000000003,102.42000000000002,420.5090000000001,31.0,31.0,31.0,BIOFACQUIM,BIOFACQUIM,No,No
382,FQNP48,seco-PF1233_B_carboxylic_acid,O=C(O)[C@@H](NC(=O)[C@@H](O)Cc1ccccc1)C[C@@]1(C(C=C)(C)C)C(=O)Nc2c(O)cccc12,5.0,5.0,9.0,2.357400000000001,135.96,452.5070000000002,33.0,33.0,33.0,BIOFACQUIM,BIOFACQUIM,No,No
383,FQNP49,9-deoxy-seco-PF1233_B_carboxylic_acid,O=C(O)[C@@H](NC(=O)[C@@H](O)Cc1ccccc1)C[C@@]1(C(C=C)(C)C)C(=O)Nc2c1cccc2,4.0,4.0,9.0,2.651800000000001,115.73000000000002,436.50800000000015,32.0,32.0,32.0,BIOFACQUIM,BIOFACQUIM,No,No
384,FQNP53,seco-PF1233_B_methyl_ester,O=C(OC)[C@@H](NC(=O)[C@@H](O)Cc1ccccc1)C[C@@]1(C(C=C)(C)C)C(=O)Nc2c(O)cccc12,6.0,4.0,9.0,2.4458,124.96,466.53400000000016,34.0,34.0,34.0,BIOFACQUIM,BIOFACQUIM,No,No
385,FQNP52,PF1233_A,O=C(O[C@@]12[C@@](C(C=C)(C)C)(N3C(=O)[C@H](Cc4ccccc4)OC(=O)[C@@H]3C1)Nc1c(O)cccc21)C,7.0,2.0,5.0,3.2536000000000014,105.17,476.52900000000017,35.0,35.0,35.0,BIOFACQUIM,BIOFACQUIM,No,No
386,FQNP47,9-deoxy-PF1233_A,O=C(O[C@@]12[C@@](C(C=C)(C)C)(N3C(=O)[C@H](Cc4ccccc4)OC(=O)[C@@H]3C1)Nc1c2cccc1)C,6.0,1.0,5.0,3.548000000000002,84.94,460.53000000000014,34.0,34.0,34.0,BIOFACQUIM,BIOFACQUIM,No,No
387,FQNP46,9-deoxy-PF1233_B,O=C1[C@H](Cc2ccccc2)OC(=O)[C@H]2N1[C@]1(C(C=C)(C)C)[C@@](O)(c3c(N1)cccc3)C2,5.0,2.0,4.0,2.9772000000000007,78.87,418.49300000000017,31.0,31.0,31.0,BIOFACQUIM,BIOFACQUIM,No,No
388,FQNP51,PF1233_B,O=C1[C@H](Cc2ccccc2)OC(=O)[C@H]2N1[C@]1(C(C=C)(C)C)[C@@](O)(c3c(c(O)ccc3)N1)C2,6.0,3.0,4.0,2.6828000000000003,99.1,434.4920000000001,32.0,32.0,32.0,BIOFACQUIM,BIOFACQUIM,No,No
389,FQNP207,18-acetoxy-11-hydroxysugiol,O=C(OC[C@@]1(C)[C@H]2[C@@](C)(c3c(O)c(O)c(C(C)C)cc3C(=O)C2)CCC1)C,5.0,2.0,3.0,4.4348000000000045,83.83000000000001,374.4770000000002,27.0,27.0,27.0,BIOFACQUIM,BIOFACQUIM,No,No
390,FQNP205,7a-acetoxy-6_7-dihydroicetexone,O=C(O[C@H]1C=2C(=O)C(C(C)C)=C(O)C(=O)C=2C[C@]23OC(=O)[C@](C)([C@@H]2C1)CCC3)C,7.0,1.0,2.0,2.7304000000000013,106.97000000000004,402.4430000000002,29.0,29.0,29.0,BIOFACQUIM,BIOFACQUIM,No,No
391,FQNP213,7a-acetoxy-19-hydroxyroyleanone,O=C(O[C@H]1C=2C(=O)C(C(C)C)=C(O)C(=O)C=2[C@]2(C)[C@H]([C@](CO)(C)CCC2)C1)C,6.0,2.0,3.0,3.043300000000001,100.90000000000002,390.47600000000017,28.0,28.0,28.0,BIOFACQUIM,BIOFACQUIM,No,No
392,FQNP212,Conacytone,O=C1C(C(C)C)=C(O)C(=O)C2=C1[C@H](O)C[C@H]1[C@@]3(C)CO[C@@H](O)[C@@]21CCC3,6.0,3.0,1.0,1.8089,104.06,362.42200000000014,26.0,26.0,26.0,BIOFACQUIM,BIOFACQUIM,No,No
393,FQNP208,Anastomosine,O=C1[C@]2(C)[C@@H]3[C@@H](O1)C=C1C(=O)C(C(C)C)=C(O)C(=O)C1=CC3=CCC2,5.0,1.0,1.0,2.740800000000001,80.67000000000002,340.3750000000001,25.0,25.0,25.0,BIOFACQUIM,BIOFACQUIM,No,No
394,FQNP209,7_20-dihydroanastomosine,O=C1[C@]2(C)[C@@H]3[C@@H](O1)CC=1C(=O)C(C(C)C)=C(O)C(=O)C=1CC3=CCC2,5.0,1.0,1.0,2.964800000000001,80.67000000000002,342.39100000000013,25.0,25.0,25.0,BIOFACQUIM,BIOFACQUIM,No,No
395,FQNP211,1_2-anhydroballotiquinone,O=C1[C@]2(C)[C@@H]3[C@H]([C@@H](O)C=4C(=O)C(C(C)C)=C(O)C(=O)C=4C=C3C=CC2)O1,6.0,2.0,1.0,1.7116,100.9,356.37400000000014,26.0,26.0,26.0,BIOFACQUIM,BIOFACQUIM,No,No
396,FQNP203,Ballotiquinone,O=C1[C@]2(C)[C@@H]3[C@H]([C@@H](O)C=4C(=O)C(C(C)C)=C(O)C(=O)C=4C=C3[C@H](O)CC2)O1,7.0,3.0,1.0,0.9063999999999994,121.13,374.3890000000002,27.0,27.0,27.0,BIOFACQUIM,BIOFACQUIM,No,No
397,FQNP204,6_7-anhydroballotiquinone,O=C1[C@]2(C)[C@H]3C([C@H](O)CC2)=CC=2C(=O)C(O)=C(C(C)C)C(=O)C=2C=C3O1,6.0,2.0,1.0,2.0608,100.9,356.37400000000014,26.0,26.0,26.0,BIOFACQUIM,BIOFACQUIM,No,No
398,FQNP210,Icetexone,O=C1[C@]2(C)[C@H]3[C@@](O1)(CC=1C(=O)C(O)=C(C(C)C)C(=O)C=1C=C3)CCC2,5.0,1.0,1.0,2.964800000000001,80.67000000000002,342.39100000000013,25.0,25.0,25.0,BIOFACQUIM,BIOFACQUIM,No,No
399,FQNP206,6_7_11_14-tetrahydro-7-oxo-icetexone,O=C1[C@]2(C)[C@H]3[C@@](O1)(Cc1c(O)c(O)c(C(C)C)c(O)c1C(=O)C3)CCC2,6.0,3.0,1.0,3.157700000000001,104.06,360.4060000000002,26.0,26.0,26.0,BIOFACQUIM,BIOFACQUIM,No,No
400,FQNP243,Scoparone,O(C)c1c(OC)cc2c(OC(=O)C=C2)c1,4.0,0.0,2.0,1.8102,48.67,206.197,15.0,15.0,15.0,BIOFACQUIM,BIOFACQUIM,No,No
401,FQNP244,4'_7-dimethylapigenin,O(C)c1cc(O)c2C(=O)C=C(c3ccc(OC)cc3)Oc2c1,5.0,1.0,3.0,3.182800000000001,68.9,298.2940000000001,22.0,22.0,22.0,BIOFACQUIM,BIOFACQUIM,No,No
402,FQNP242,Herniarin,O(C)c1cc2OC(=O)C=Cc2cc1,3.0,0.0,1.0,1.8016,39.44,176.171,13.0,13.0,13.0,BIOFACQUIM,BIOFACQUIM,No,No
403,FQNP239,6-acetyl-5-hydroxy-2-hydroxymethyl-2-methyl-2H-chromene,O=C(C)c1c(O)c2c(OC(CO)(C)C=C2)cc1,4.0,2.0,2.0,1.7513999999999998,66.76,234.251,17.0,17.0,17.0,BIOFACQUIM,BIOFACQUIM,No,No
404,FQNP240,Caleins_A,O=C(O[C@@H]1[C@@H](OC(=O)C)[C@](O)(C)C(=O)/C=C\[C@H](C)C[C@H]2OC(=O)C(=C)[C@H]12)C(=C)C,8.0,1.0,3.0,1.4198999999999995,116.20000000000002,406.4310000000002,29.0,29.0,29.0,BIOFACQUIM,BIOFACQUIM,No,No
405,FQNP241,Caleins_C,O=C(O[C@@H]1[C@@H](OC(=O)C)[C@](O)(C)C(=O)/C=C\[C@H](C)C[C@H]2OC(=O)C(=C)[C@H]12)C(=CC)C,8.0,1.0,3.0,1.8099999999999996,116.20000000000002,420.45800000000025,30.0,30.0,30.0,BIOFACQUIM,BIOFACQUIM,No,No
406,FQNP3,3_5-Dihydroxy-6_7_3'_4'-tetramethoxyflavone,O(C)c1c(O)c2C(=O)C(O)=C(c3cc(OC)c(OC)cc3)Oc2cc1OC,8.0,2.0,5.0,2.9056000000000006,107.59000000000002,374.34500000000014,27.0,27.0,27.0,BIOFACQUIM,BIOFACQUIM,No,No
407,FQNP6,2_3_4-Trihydroxybenzaldehyde,O=Cc1c(O)c(O)c(O)cc1,4.0,3.0,1.0,0.6158999999999997,77.76,154.12099999999995,11.0,11.0,11.0,BIOFACQUIM,BIOFACQUIM,No,No
408,FQNP4,3_4-dimethoxybenzaldehyde,O=Cc1cc(OC)c(OC)cc1,3.0,0.0,3.0,1.5163,35.53,166.176,12.0,12.0,12.0,BIOFACQUIM,BIOFACQUIM,No,No
409,FQNP5,5-hydroxymethylfurfural,O=Cc1oc(CO)cc1,3.0,1.0,2.0,0.5844,50.44,126.11099999999998,9.0,9.0,9.0,BIOFACQUIM,BIOFACQUIM,No,No
410,FQNP88,8-b-D-glucopyranosyloxy-4-methoxy5-methyl-coumarin,O([C@H]1[C@H](O)[C@@H](O)[C@H](O)[C@@H](CO)O1)c1c2OC(=O)C=C(OC)c2c(C)cc1,9.0,4.0,4.0,-0.7112800000000008,138.82,368.33800000000014,26.0,26.0,26.0,BIOFACQUIM,BIOFACQUIM,No,No
411,FQNP87,b-Pipitzol,O=C1C(O)=C(C)[C@@H]2C(C)(C)[C@@H]3[C@@]1([C@H](C)CC3)C2=O,3.0,1.0,0.0,2.6587000000000005,54.37,248.32199999999997,18.0,18.0,18.0,BIOFACQUIM,BIOFACQUIM,No,No
412,FQNP86,a-Pipitzol,O=C1C(O)=C(C)[C@H]2C(C)(C)[C@H]3[C@]1([C@H](C)CC3)C2=O,3.0,1.0,0.0,2.6587000000000005,54.37,248.32199999999997,18.0,18.0,18.0,BIOFACQUIM,BIOFACQUIM,No,No
413,FQNP85,Perezone,O=C1C(O)=C([C@@H](CCC=C(C)C)C)C(=O)C=C1C,3.0,1.0,4.0,3.2791000000000023,54.37,248.322,18.0,18.0,18.0,BIOFACQUIM,BIOFACQUIM,No,No
414,FQNP223,Galangin_5-methylether,O(C)c1c2C(=O)C(O)=C(c3ccccc3)Oc2cc(O)c1,5.0,2.0,2.0,2.879800000000001,79.9,284.267,21.0,21.0,21.0,BIOFACQUIM,BIOFACQUIM,No,No
415,FQNP219,Alpinetin,O(C)c1c2C(=O)CC(c3ccccc3)Oc2cc(O)c1,4.0,1.0,2.0,3.1073000000000017,55.76000000000001,270.284,20.0,20.0,20.0,BIOFACQUIM,BIOFACQUIM,No,No
416,FQNP218,Pinobanksin_5-methylether,O(C)c1c2C(=O)[C@H](O)C(c3ccccc3)Oc2cc(O)c1,5.0,2.0,2.0,2.0781,75.99000000000002,286.283,21.0,21.0,21.0,BIOFACQUIM,BIOFACQUIM,No,No
417,FQNP221,Pinostrobin,O(C)c1cc(O)c2C(=O)CC(c3ccccc3)Oc2c1,4.0,1.0,2.0,3.1073000000000013,55.76000000000001,270.284,20.0,20.0,20.0,BIOFACQUIM,BIOFACQUIM,No,No
418,FQNP220,Alpinone,O(C)c1cc(O)c2C(=O)[C@H](O)C(c3ccccc3)Oc2c1,5.0,2.0,2.0,2.0781,75.99000000000002,286.28300000000013,21.0,21.0,21.0,BIOFACQUIM,BIOFACQUIM,No,No
419,FQNP222,Kaempferide,O(C)c1ccc(C2=C(O)C(=O)c3c(O)cc(O)cc3O2)cc1,6.0,3.0,2.0,2.585400000000001,100.13,300.26599999999996,22.0,22.0,22.0,BIOFACQUIM,BIOFACQUIM,No,No
420,FQNP215,Pinobanksin,O=C1[C@H](O)C(c2ccccc2)Oc2c1c(O)cc(O)c2,5.0,3.0,1.0,1.7750999999999997,86.99000000000002,272.256,20.0,20.0,20.0,BIOFACQUIM,BIOFACQUIM,No,No
421,FQNP216,Chrysin,O=C1c2c(O)cc(O)cc2OC(c2ccccc2)=C1,4.0,2.0,1.0,2.8712000000000013,70.67,254.241,19.0,19.0,19.0,BIOFACQUIM,BIOFACQUIM,No,No
422,FQNP214,Pinocembrin,O=C1c2c(O)cc(O)cc2OC(c2ccccc2)C1,4.0,2.0,1.0,2.8043000000000005,66.76,256.257,19.0,19.0,19.0,BIOFACQUIM,BIOFACQUIM,No,No
